Category,Latitude,Longitude,Location Name,Date
theft,-1.2910956157593734,36.69985729337702,"Mutuini, Nairobi, 00505, Kenya",2023-01-25
theft,-1.27218015,36.88563088509783,"Kariobangi South, Babadogo, Nairobi, Kenya",2022-06-08
burglary,-1.3328938,36.7816659,"Langata, Nairobi, 00509, Kenya",2022-08-08
fraud,-1.4107195,36.9047834,"Nairobi, 00519, Kenya",2022-04-22
vandalism,-1.2794352009561252,36.79459585335044,"Githunguri Road, Kileleshwa, Nairobi, 97104, Kenya",2022-07-04
fraud,-1.2543591659164606,36.90936820793879,"Saika, Komarock, Babadogo, Nairobi, 55145, Kenya",2023-03-10
vandalism,-1.3440804625967975,36.78783259477499,"Langata, Nairobi, 00509, Kenya",2022-11-25
assault,-1.2907897271620288,36.68572461805557,"Nairobi, 00109, Kenya",2022-08-20
fraud,-1.2164534311328221,36.8451282938156,"Northern Bypass, Daisy Court, Nairobi, Kiambu, Central Kenya, 00621, Kenya",2022-04-25
vandalism,-1.300515343615161,36.88564990984756,"Lunga Lunga Road, Kware, Donholm, woodcraft village, Nairobi, 00507, Kenya",2022-03-23
assault,-1.29597745,36.80754597153641,"General Accident House, Ralph Bunche Road, Hurlingham, Nairobi, 00202, Kenya",2023-01-15
theft,-1.3912668122253897,36.73161142436499,"Nairobi, Kajiado, 00511, Kenya",2022-06-29
fraud,-1.3187163838817173,36.94867443124493,"Nairobi, 00603, Kenya",2023-01-31
fraud,-1.3821953,36.7459189,"Nairobi, 00511, Kenya",2022-11-29
theft,-1.1977684309036103,36.87666201544452,"Nairobi, Kiambu, Central Kenya, 00618, Kenya",2022-07-07
assault,-1.382507,36.7401829,"Nairobi, 00511, Kenya",2022-11-28
vandalism,-1.2893492,36.7955564,"PSI Kenya Offices, Lenana Road, Kilimani, Nairobi, 30728, Kenya",2022-08-03
burglary,-1.2557339438899107,36.96059635642648,"New Njiru, Nairobi, 00520, Kenya",2022-03-28
theft,-1.2207294023463615,36.77762411142891,"Nyari, Nairobi, 11403, Kenya",2022-04-09
vandalism,-1.2777788670349228,36.79314688130828,"Kileleshwa, Nairobi, 97104, Kenya",2022-04-08
assault,-1.3328938,36.7816659,"Langata, Nairobi, 00509, Kenya",2023-01-15
assault,-1.3339833526589935,36.86602721951521,"Nairobi Park East Gate Road, Nairobi, 00507, Kenya",2022-10-19
fraud,-1.2789088984486503,36.79011661076727,"Gichugu Road, Kilimani, Nairobi, 97104, Kenya",2022-12-28
vandalism,-1.3188367,36.8278221,"South C, Nairobi, 00200, Kenya",2022-09-04
burglary,-1.272371955991173,36.892406686433425,"Kariobangi South, Babadogo, Nairobi, 55145, Kenya",2022-05-07
burglary,-1.2860541,36.9600141,"Nairobi, 00520, Kenya",2022-12-01
burglary,-1.4280195365640036,36.9395009128781,"Nairobi, 00519, Kenya",2022-08-13
burglary,-1.2362332934929134,36.84509625251207,"Ridgeways, Nairobi, 00620, Kenya",2022-05-09
fraud,-1.2596726504233202,36.90837618868731,"Saika, Komarock, Babadogo, Nairobi, 55145, Kenya",2022-09-29
theft,-1.2722155,36.7689691,"Jadi, Lavington, Nairobi, 54102, Kenya",2022-09-13
burglary,-1.350857604866201,36.70536807754575,"Nairobi, Kenya",2022-08-27
theft,-1.240775751231219,36.904955213844794,"Kariandundu, Babadogo, Nairobi, 00618, Kenya",2022-06-08
burglary,-1.3109873575826896,36.7017767480925,"Mutuini, Nairobi, 00505, Kenya",2022-03-22
burglary,-1.2847620733104688,36.748673497520315,"Kawangware, Nairobi, 00505, Kenya",2022-10-27
vandalism,-1.2914523,36.87972307295472,"Baraka Primary School, Mumias South Road, Buru Buru Phase 2, Buruburu, Jericho, Nairobi, 00515, Kenya",2023-03-02
theft,-1.3214379973065877,36.94495248694142,"Nairobi, 00603, Kenya",2022-06-13
assault,-1.3275898,36.748239,"Nairobi, 00517, Kenya",2023-02-22
fraud,-1.3900204,36.8372709,"Nairobi, Kenya",2022-08-18
assault,-1.3014716898378995,36.907081386633116,"Tassia III, NSSF Nyayo Embakasi, Lower Savannah, Nairobi, 00515, Kenya",2022-04-12
burglary,-1.3484880751641029,36.909742346425055,"Nairobi, 00603, Kenya",2023-01-08
assault,-1.2748204986683287,36.77683303953007,"Tende Drive, Lavington, Nairobi, 54102, Kenya",2023-02-14
burglary,-1.3122344979848888,36.95754585944254,"Nairobi, 00603, Kenya",2022-08-26
burglary,-1.27218015,36.88563088509783,"Kariobangi South, Babadogo, Nairobi, Kenya",2022-09-08
vandalism,-1.2703031378150507,36.852791422359985,"Eastleigh, Nairobi, 00611, Kenya",2023-02-26
burglary,-1.243135157475997,36.84449280642682,"Kiambu Road, Thindigua, Ridgeways, Nairobi, 00620, Kenya",2022-07-03
theft,-1.3341044514370803,36.68185123435941,"Embulbul, Nairobi, Kenya",2022-09-12
assault,-1.2527475,36.757094727637025,"Kenya Police Staff Training College, Loresho, Thego Lane, Kangemi, Nairobi, 11403, Kenya",2023-01-12
burglary,-1.265077,36.7877417,"International Organization for Migration, Church Road, Spring Valley, Nairobi, 97104, Kenya",2023-02-09
burglary,-1.3231769,36.8795604,"Imara Daima, Nairobi, 00515, Kenya",2023-03-18
assault,-1.2673458,36.8594156,"Eastleigh, Ruaraka, Nairobi, 00611, Kenya",2022-08-06
fraud,-1.332455,36.7007558,"Karen, Nairobi, Kenya",2023-03-10
assault,-1.182131253621634,36.890586794534755,"3 Dam Avenue, Nairobi, 00608, Kenya",2022-10-10
assault,-1.2765684052959096,36.85179148076391,"Tenth Street, Eastleigh, Nairobi, 00100, Kenya",2023-02-26
burglary,-1.2158729391661143,36.90786975773363,"Clay Garden, Nairobi, 00608, Kenya",2022-05-05
vandalism,-1.2605465348925626,36.71089116030676,"Nairobi, Kiambu, Central Kenya, 00505, Kenya",2023-02-11
burglary,-1.31723465,36.717983492193895,"Heri Plaza, Ngong Road, Karen, Nairobi, 00505, Kenya",2022-12-31
theft,-1.201007552668656,36.89325850814793,"Northern Bypass, Marurui, Nairobi, 00618, Kenya",2022-04-29
theft,-1.4334914461664892,36.95317209946553,"Nairobi, 00519, Kenya",2023-03-03
assault,-1.4058423827747144,36.86472367732629,"Nairobi, Kenya",2022-12-04
vandalism,-1.3239051946596454,36.88537275685617,"Embakasi, Imara Daima, Nairobi, 00515, Kenya",2023-01-22
assault,-1.3188367,36.8278221,"South C, Nairobi, 00200, Kenya",2022-09-30
theft,-1.2435746,36.9404946,"Komarock-Mwiki Road, Koma Rock, Nairobi, 55145, Kenya",2022-11-17
burglary,-1.394726844606495,36.85756816906012,"Nairobi, 00519, Kenya",2022-11-21
vandalism,-1.3956098,36.7715954,"Entomoto Drive, Nairobi, Kajiado, 00511, Kenya",2023-02-03
fraud,-1.2095720660680878,36.88307310906522,"Mirema Drive, Zimmerman, Nairobi, 00618, Kenya",2023-01-29
theft,-1.1918153,36.9108787,"Soweto Slum, Kahawa West, Nairobi, 00608, Kenya",2022-04-14
assault,-1.3934072373017,36.914128,"Nairobi, 00519, Kenya",2022-10-08
vandalism,-1.3970042,36.8946878,"Nairobi, 00519, Kenya",2022-04-25
burglary,-1.3222446,36.8941652,"Acacia Hotel, Airport North Road, Embakasi, Pipeline, Nairobi, 00515, Kenya",2022-03-27
fraud,-1.273248301067595,36.955074205474745,"Nairobi, 00520, Kenya",2023-01-16
vandalism,-1.3707201,36.8335134,"Nairobi, Kenya",2022-12-01
assault,-1.3231769,36.8795604,"Imara Daima, Nairobi, 00515, Kenya",2022-07-30
burglary,-1.3452186084864792,36.90303705246906,"Nairobi, 00603, Kenya",2022-06-23
theft,-1.3009005355765906,36.855593788209404,"Likoni Road, Mbotela, Bahati, Nairobi, 00507, Kenya",2022-12-30
burglary,-1.1748081576131848,36.90515225178633,"Kahawa West, Nairobi, 00608, Kenya",2023-01-19
fraud,-1.3278551561126213,36.84926951440556,"South C, Nairobi, 00507, Kenya",2022-09-14
burglary,-1.3722268688264267,36.88222630647928,"Nairobi, 74416, Kenya",2022-03-31
burglary,-1.23185795,36.898902767828694,"Football Kenya Federation, Aquatic Drive, Ngumba, Babadogo, Nairobi, 00618, Kenya",2022-06-03
vandalism,-1.2939347831977,36.878027,"Hamza, Makadara, Jericho, Nairobi, 00515, Kenya",2023-02-22
vandalism,-1.2802392157709497,36.835412354780054,"Jairo Owino, Kariokor, Nairobi, 00300, Kenya",2022-07-25
assault,-1.17781135,36.914949590073874,"Kenyatta University Teaching and Referral Hospital, Northern Bypass, Nairobi, Central Kenya, 00608, Kenya",2022-07-15
theft,-1.39333235,36.789264198855165,"PLCC Ongata Rongai, Masai Lodge Road, Nairobi, 00511, Kenya",2022-09-05
fraud,-1.3512038,36.7349593,"Nairobi, 24722, Kenya",2022-11-30
vandalism,-1.380782836850191,36.722365283877856,"Nairobi, 00511, Kenya",2022-08-11
assault,-1.3222069381103263,36.7486586038781,"Homeward Bound, Lenana, Nairobi, 00505, Kenya",2022-09-08
theft,-1.2357919283441865,36.9044481378277,"Kariandundu, Babadogo, Nairobi, 00618, Kenya",2022-11-08
assault,-1.2825684499999999,36.900811626136154,"Fadhili Junior School, Manyanja Road, Umoja II, Lower Savannah, Nairobi, 55145, Kenya",2022-05-24
theft,-1.3052072,36.750923284701955,"Telcom Sporting Grounds, Ngong Road, Riruta, Lenana, Nairobi, 00505, Kenya",2022-07-04
theft,-1.3240760006389916,36.75921497228125,"Southern Bypass, Langata, Lenana, Nairobi, 00517, Kenya",2023-02-05
assault,-1.2385967773436815,36.82340485859532,"Middle Track, Muthaiga, Nairobi, 00800, Kenya",2023-02-25
fraud,-1.2786182,36.6990526,"Kagondo, Nairobi, 00109, Kenya",2022-12-04
theft,-1.3422363085031825,36.9175874498461,"Airport South Road, Nairobi, 00603, Kenya",2023-01-25
theft,-1.2850539,36.7374217,"Jamii Bora Bank, Kikuyu Road, Kabiria, Waithaka, Nairobi, 00505, Kenya",2022-05-19
vandalism,-1.3285870814867446,36.79952796274808,"Nairobi, 00509, Kenya",2022-04-19
fraud,-1.242115,36.826549,"9, Turaco Path, Muthaiga, Nairobi, 00800, Kenya",2022-11-02
vandalism,-1.2725775888522692,36.94807401396541,"Nairobi, 55145, Kenya",2022-10-23
assault,-1.3763196,36.8239356,"Nairobi, 00519, Kenya",2023-03-08
theft,-1.30325275,36.826367685558694,"Nairobi, Kenya",2022-10-16
fraud,-1.2541397,36.9073436,"Saika, Komarock, Babadogo, Nairobi, 55145, Kenya",2022-09-23
assault,-1.30325275,36.826367685558694,"Nairobi, Kenya",2022-12-08
burglary,-1.2862334,36.961984,"Nairobi, 00520, Kenya",2022-07-18
fraud,-1.3377186,36.708007,"Karen Blixen Camp, P.O. Box 9913,NAIROBI., 40 Marula Ln, Nairobi City, Marula Lane, Karen, Nairobi, 00505, Kenya",2023-01-02
vandalism,-1.3811288,36.76760423100306,"Multimedia University of Kenya, Magadi Road, Nairobi, 24722, Kenya",2022-08-15
burglary,-1.3712954221825706,36.76452237757436,"Nairobi, 24722, Kenya",2022-08-06
theft,-1.3215710385834119,36.717030426854656,"Karen, Nairobi, 00505, Kenya",2022-12-08
theft,-1.29232155,36.822540700000005,"Government Press, Haile Selassie Avenue, Upper Hill, Nairobi, 40476, Kenya",2022-11-26
vandalism,-1.343157353987942,36.885912184326436,"Old Mombasa Road, Nairobi, 00603, Kenya",2022-12-29
vandalism,-1.3168908176554042,36.70714203793362,"Karen, Nairobi, 00505, Kenya",2023-01-24
theft,-1.3023658,36.694171,"Mutuini, Nairobi, 00505, Kenya",2022-07-08
vandalism,-1.2012147502724904,36.78617722557725,"Nairobi, 00621, Kenya",2023-02-04
theft,-1.3193237856640359,36.98245736460683,"Nairobi, Machakos, East Kenya, 00520, Kenya",2022-06-04
burglary,-1.2852416,36.9418918,"Nairobi, 55145, Kenya",2022-12-15
fraud,-1.3200602,36.8935826,"Pipeline, Nairobi, 00515, Kenya",2022-05-11
vandalism,-1.386269129470706,36.79503325059532,"Nairobi, 24722, Kenya",2022-09-06
theft,-1.3085903,36.6620522,"Nairobi, Kenya",2022-07-31
vandalism,-1.251716462371635,36.79528225972119,"Donyo Sabuk Avenue, Spring Valley, Nairobi, 00606, Kenya",2022-07-28
fraud,-1.324915134888444,36.89474127403065,"Honey Suckle apartments ph.1, Pipeline, Nairobi, 00515, Kenya",2022-07-12
theft,-1.2778511614523365,36.8459566464866,"Muratina Street, Mlango, Nairobi, 00100, Kenya",2022-10-31
fraud,-1.3085503,36.9097135,"Season Shopping Centre, Embakasi Road, Embakasi village, NSSF Nyayo Embakasi, Nairobi, 00515, Kenya",2023-03-14
assault,-1.30325275,36.826367685558694,"Nairobi, Kenya",2022-12-20
vandalism,-1.3192634,36.6714285,"Nairobi, Kenya",2023-01-30
vandalism,-1.3304579086666124,36.82930495313747,"Southern Bypass, Diamond Park Estate, South C, Nairobi, 00517, Kenya",2022-11-20
fraud,-1.3175231,36.6735059,"Nairobi, Kenya",2022-09-20
theft,-1.30325275,36.826367685558694,"Nairobi, Kenya",2022-08-12
assault,-1.351544,36.7990989,"Langata, Nairobi, 00509, Kenya",2023-02-01
burglary,-1.3017029,36.8753279,"Makadara, woodcraft village, Nairobi, 00515, Kenya",2023-02-19
theft,-1.2572677,36.8910733,"Korogocho, Babadogo, Nairobi, 55145, Kenya",2022-06-20
fraud,-1.29177685,36.82465362301346,"The Technical University of Kenya, Haile Selassie Avenue, Central Business District, Upper Hill, Nairobi, 00300, Kenya",2022-06-02
fraud,-1.2672506641775827,36.76710724862709,"Kabarsiran Ave, Lavington, Nairobi, 54102, Kenya",2022-04-23
theft,-1.2680126,36.9132224,"Family Beach, Mwangaza Road, Pheroze, Komarock, Babadogo, Nairobi, 55145, Kenya",2022-04-14
assault,-1.232157738296471,36.76838976997018,"Magnolia Hills, Nairobi, 11403, Kenya",2022-06-17
burglary,-1.23952685,36.74686130396944,"Lower Kabete Primary School, Lower Kabete Road, Nairobi, 11403, Kenya",2022-10-06
theft,-1.30911405,36.73485807314765,"D&L, Ngong Road, Riruta, Lenana, Nairobi, 00505, Kenya",2023-01-02
fraud,-1.303402292246155,36.93629016680007,"Eastern Bypass, Nairobi, 00520, Kenya",2023-01-12
assault,-1.4292132644044067,36.94281902184379,"Nairobi, 00519, Kenya",2022-07-27
fraud,-1.3329426958472244,36.74828315687914,"Kuwinda Road, Nairobi, 00517, Kenya",2023-01-29
assault,-1.2448086783735537,36.8222322795466,"Lake Trail, Muthaiga, Nairobi, 00800, Kenya",2022-04-29
theft,-1.1670705,36.8983971,"Nairobi, 00608, Kenya",2023-01-07
vandalism,-1.3261534,36.9119328,"Shreeji Road, Embakasi village, Nairobi, 00515, Kenya",2022-06-18
vandalism,-1.314691,36.849584,"community_ service, Black Spot, South B, Nairobi, 00507, Kenya",2022-06-29
fraud,-1.2978030502990756,36.720634956854916,"Kabiria, Nairobi, 00505, Kenya",2022-04-23
fraud,-1.2284046352971194,36.88155457820136,"Thika Road, Roysambu, Ruaraka, Nairobi, 00618, Kenya",2022-12-01
burglary,-1.3768807793402977,36.831946571875676,"Nairobi, Kenya",2022-07-10
theft,-1.38653538071562,36.73250238299157,"Nairobi, 00511, Kenya",2022-07-18
theft,-1.3471065,36.6746995,"Embulbul, Nairobi, Kenya",2022-06-20
burglary,-1.28542205,36.81145925903513,"Central hospital, Mamlaka Road, Upper Hill, Nairobi, 46464, Kenya",2022-04-04
vandalism,-1.3777321,36.8209644,"Nairobi, Kenya",2023-02-01
theft,-1.2725381922567756,36.7529618524347,"Kawangware, Nairobi, 54102, Kenya",2022-09-25
burglary,-1.2875111593401305,36.89631861685268,"Umoja II, Lower Savannah, Nairobi, 00515, Kenya",2022-11-18
fraud,-1.2634556,36.9818539,"Shell, Kangundo Road, Upper Chokaa, Nairobi, 00520, Kenya",2022-09-17
burglary,-1.3445617270622425,36.68475422974397,"Embulbul, Nairobi, Kenya",2023-03-06
theft,-1.2953572,36.7677372,"Makini Secondary School, Makindi Road, Nairobi, 54102, Kenya",2022-03-22
fraud,-1.30325275,36.826367685558694,"Nairobi, Kenya",2022-12-18
vandalism,-1.3064479,36.9083795,"NSSF Nyayo Embakasi, Nairobi, 00515, Kenya",2022-04-26
assault,-1.2647529083765032,36.950400638690816,"Nairobi, 55145, Kenya",2022-05-27
assault,-1.30325275,36.826367685558694,"Nairobi, Kenya",2022-03-21
burglary,-1.2482339,36.7826589,"United Nations Development Program Somalia, Lower Kabete Road, Spring Valley, Nairobi, 11403, Kenya",2022-12-19
theft,-1.3048575017917827,36.70193951514865,"Mutuini, Nairobi, 00505, Kenya",2022-07-12
assault,-1.188379225909661,36.95344317026032,"Kahawa Wendani, Nairobi, Kiambu, Central Kenya, 00608, Kenya",2022-04-29
burglary,-1.30325275,36.826367685558694,"Nairobi, Kenya",2022-05-24
burglary,-1.2706256,36.72431052787725,"International Livestock Research Institute, Naivasha Road, Kabiria, Waithaka, Nairobi, 00505, Kenya",2022-05-09
assault,-1.1858111542441556,36.900011233406886,"Kahawa W Station Road, Kahawa West, Nairobi, 00608, Kenya",2022-10-11
burglary,-1.3188367,36.8278221,"South C, Nairobi, 00200, Kenya",2022-11-29
theft,-1.368374418054248,36.74387640079176,"Koitobos Road, Hardy, Nairobi, 24722, Kenya",2022-12-18
vandalism,-1.2757338833248406,36.947931389896475,"Nairobi, 55145, Kenya",2022-11-01
burglary,-1.2349664205126885,36.8418595805132,"Fika Bikeshare, Ridgeways, Nairobi, 00620, Kenya",2022-10-01
fraud,-1.2235246499999999,36.83738903568499,"Willow Motors, Kiambu Road, Thindigua, Ridgeways, Nairobi, 00621, Kenya",2022-07-07
assault,-1.2743869658098712,36.73102251906832,"Mountainview, Nairobi, 00505, Kenya",2022-04-14
burglary,-1.3811288,36.76760423100306,"Multimedia University of Kenya, Magadi Road, Nairobi, 24722, Kenya",2022-04-14
burglary,-1.2776150150260164,36.759362450166236,"Kawangware, Nairobi, 54102, Kenya",2022-08-10
theft,-1.31945205,36.80760931991276,"Basketball, Teachers' Quarters Road, Siwaka Estate, Nairobi, 00202, Kenya",2022-09-14
assault,-1.3112825,36.7774703,"Silver Springs Secondary School, Kibera Drive, Woodley Toi Area, Hurlingham, Nairobi, 00400, Kenya",2023-02-18
assault,-1.2583748001452266,36.73128183365523,"Mountainview, Nairobi, 00505, Kenya",2022-05-09
vandalism,-1.2670534500000001,36.82913745,"Football Field of Premier Academy, Prof. Wangari Maathai Road, Park Road, Nairobi, 00600, Kenya",2022-08-25
assault,-1.2938998,36.95219840889875,"CSU Training School, Road to Utawala Academy, Nairobi, 00515, Kenya",2022-08-06
burglary,-1.3212376,36.841814,"Pizza Mojo, Mombasa Road, South B, Nairobi, 00200, Kenya",2022-08-18
vandalism,-1.2676932873528481,36.984115706773316,"Ruai, Nairobi, 00520, Kenya",2022-12-17
theft,-1.27128965,36.82491760299314,"St Ellis Depot (1900's), Desai Road, Park Road, Nairobi, 00600, Kenya",2022-10-17
vandalism,-1.3506335,36.8222912,"3, Southern Bypass, Diamond Park Estate, South C, Nairobi, 00517, Kenya",2022-07-08
theft,-1.2338956363715803,36.953563260099145,"Nairobi, 00608, Kenya",2022-07-28
vandalism,-1.2056454719450311,36.88829123420229,"Zimmerman, Nairobi, 00618, Kenya",2022-03-22
theft,-1.2979918329932791,36.85181622308585,"Makongeni, Bahati, Nairobi, 00101, Kenya",2022-08-06
fraud,-1.2575067,36.772704420879634,"Kenya Agricultural and Livestock Research Organization, Nairobi expressway, Lavington, Nairobi, 54102, Kenya",2022-03-31
vandalism,-1.2343068593223117,36.960018351397835,"Nairobi, 00520, Kenya",2022-05-29
vandalism,-1.1826904890712522,36.937163003137826,"Thika Road, Kahawa Wendani, Nairobi, Kiambu, Central Kenya, 00608, Kenya",2022-11-06
theft,-1.3512011,36.6871651,"Nairobi, Kenya",2023-02-13
burglary,-1.3328938,36.7816659,"Langata, Nairobi, 00509, Kenya",2022-04-18
burglary,-1.27917655,36.78139316962429,"Nobri (K) Ltd, Gatundu Crescent, Kilimani, Nairobi, 54102, Kenya",2022-04-17
burglary,-1.2655995,36.818084,"Bereri Ladies Hostels, Wambugu Road, Parklands, Nairobi, 00600, Kenya",2022-07-31
assault,-1.3209482216358521,36.80044514990751,"Siwaka Estate, Nairobi, 00517, Kenya",2022-06-30
assault,-1.284587941052308,36.73061636280785,"Riruta, Nairobi, 00505, Kenya",2023-03-17
theft,-1.1913770000000001,36.915889899999996,"Kahawa Baracks, Soweto Main Road, Soweto Slum, Kahawa West, Nairobi, 00608, Kenya",2022-05-16
assault,-1.2286845645828077,36.84922421379469,"Ridgeways Road, Garden Estate, Ruaraka, Nairobi, 00620, Kenya",2022-07-28
fraud,-1.2944964688149676,36.70675409387778,"Mutuini, Nairobi, 00505, Kenya",2022-05-06
vandalism,-1.3184187,36.9171319,"Airport North Road, Embakasi village, NSSF Nyayo Embakasi, Nairobi, 00515, Kenya",2022-12-23
vandalism,-1.3686896,36.7033991,"Nairobi, Kenya",2022-04-20
fraud,-1.3455513,36.907829770925034,"JKIA Security Check, Airport Road South, Nairobi, 00603, Kenya",2022-10-17
vandalism,-1.2813233,36.8982,"Umoja II, Lower Savannah, Nairobi, 55145, Kenya",2022-04-23
burglary,-1.3302527,36.888681715950064,"City Cabanas Hotel, Mombasa Road, Imara Daima, Nairobi, 00515, Kenya",2022-10-06
burglary,-1.3289761796543607,36.834589927003876,"South C, Nairobi, 00507, Kenya",2022-06-26
theft,-1.2550037,36.7465916,"Kaumoni Road, Loresho, Nairobi, 11403, Kenya",2022-04-12
fraud,-1.2789543,36.7961855,"Kileleshwa, Nairobi, 97104, Kenya",2022-11-12
fraud,-1.3164512305604408,36.68563114793892,"Nairobi, Kenya",2022-10-04
fraud,-1.3173235928618423,36.83866368191463,"Kapiti Road, South B, Nairobi, 00101, Kenya",2022-04-23
vandalism,-1.2904559,36.9436318,"Nairobi, 55145, Kenya",2022-06-27
burglary,-1.2385618,36.8105505,"UNEP, Limuru Road, Gigiri, Nairobi, 00800, Kenya",2022-06-10
theft,-1.2667874,36.8452688,"Total Petrol Station, Juja Road, Mlango, Nairobi, 00100, Kenya",2022-12-02
theft,-1.325968830412732,36.78851922391962,"Uhuru Gardens Estate, Langata, Nairobi, 00517, Kenya",2022-06-20
assault,-1.42529059800605,36.95130376276843,"Nairobi-Namanga-Athi River Road, Athi River, Machakos, East Kenya, 00519, Kenya",2022-07-30
assault,-1.2947060359992169,36.720903989482046,"Kabiria, Waithaka, Nairobi, 00505, Kenya",2023-03-08
assault,-1.18069485,36.930846133745185,"Kenyatta University, Thika Road, Nairobi, 00608, Kenya",2022-05-18
fraud,-1.321426,36.8008273,"Siwaka Estate, Nairobi, 00202, Kenya",2023-01-13
theft,-1.32388415,36.83544668594092,"Kenya Bureau of Standards, Popo Road, South C, South B, Nairobi, 00200, Kenya",2022-10-12
theft,-1.2047498,36.791366888035355,"Sahara West Park Hotel, Northern Bypass, Rosslyn, Nairobi, 00621, Kenya",2023-01-10
fraud,-1.2501567,36.87266950813583,"Ruaraka High School, Raila Odinga Road, Kariobangi North, Ruaraka, Nairobi, 00620, Kenya",2022-09-19
theft,-1.3282887316573626,36.812193844970835,"Nairobi, 00202, Kenya",2022-04-16
assault,-1.3314183499999999,36.79966419311057,"Nairobi, Kenya",2022-06-06
assault,-1.3328938,36.7816659,"Langata, Nairobi, 00509, Kenya",2022-07-29
assault,-1.18069485,36.930846133745185,"Kenyatta University, Thika Road, Nairobi, 00608, Kenya",2022-04-21
assault,-1.2805783596925082,36.77867678969585,"Kilimani, Nairobi, 54102, Kenya",2022-04-17
burglary,-1.364205749688532,36.760394454634095,"Saifee Park, Nairobi, 24722, Kenya",2022-09-08
theft,-1.30325275,36.826367685558694,"Nairobi, Kenya",2023-01-26
vandalism,-1.3485244,36.9129896,"Nairobi, 00603, Kenya",2022-09-13
burglary,-1.2343534471523927,36.96077230307345,"Nairobi, 00520, Kenya",2023-01-11
vandalism,-1.27128965,36.82491760299314,"St Ellis Depot (1900's), Desai Road, Park Road, Nairobi, 00600, Kenya",2023-01-17
vandalism,-1.3599926,36.7262679,"Christian Ministries in Africa - Guest House, Masai West Road, Nairobi, 24722, Kenya",2022-04-09
theft,-1.3233496,36.8674846,"Kenya Hoticultural Export, Enterprise Road, Imara Daima, woodcraft village, Nairobi, 00507, Kenya",2022-05-14
vandalism,-1.3070947437487273,36.80040278928354,"Ngobit Road, Highview estate, Siwaka Estate, Nairobi, 00202, Kenya",2023-02-23
fraud,-1.2416276066558767,36.8944678972332,"Kariandundu, Babadogo, Nairobi, 00618, Kenya",2023-01-18
vandalism,-1.2652142125776238,36.94906128060374,"Nairobi, 55145, Kenya",2022-06-19
assault,-1.30325275,36.826367685558694,"Nairobi, Kenya",2022-09-16
theft,-1.2868371,36.9653396,"Nairobi, 00520, Kenya",2022-09-26
theft,-1.3036857,36.8678111,"Pate Road, Makadara, woodcraft village, Nairobi, 00507, Kenya",2023-02-14
theft,-1.2309432525844959,36.919409142075374,"Kasarani, Kasarani Mwiki, Nairobi, 00608, Kenya",2023-01-22
theft,-1.3311491,36.7408334,"Nairobi, 00517, Kenya",2022-09-16
vandalism,-1.358641843779288,36.686384321855066,"Kianugu Zone, Nairobi, Kajiado, Kenya",2022-09-13
theft,-1.2815416314936428,36.799617595187236,"Kileleshwa, Nairobi, 97104, Kenya",2022-09-12
burglary,-1.2463976931752088,36.88050283293862,"Kariobangi North, Babadogo, Nairobi, 00620, Kenya",2022-05-27
assault,-1.2786182,36.6990526,"Kagondo, Nairobi, 00109, Kenya",2022-04-30
burglary,-1.1782556,36.9242348,"Referal Hospital Road, Kahawa West, Nairobi, 00608, Kenya",2022-03-21
assault,-1.3789045,36.7263025,"Nairobi, 00511, Kenya",2023-01-27
theft,-1.2514791,36.8928127,"Korogocho Glory Primary/Secondary School, glory lane, Korogocho, Babadogo, Nairobi, 55145, Kenya",2023-01-20
vandalism,-1.3188367,36.8278221,"South C, Nairobi, 00200, Kenya",2022-09-19
vandalism,-1.1711747,36.9107218,"Nairobi, 00608, Kenya",2022-03-20
burglary,-1.2429391527356264,36.9147999972352,"Kasarani Mwiki, Nairobi, 55145, Kenya",2022-03-24
assault,-1.3143711575246035,36.77272186412368,"Nairobi, 00517, Kenya",2022-05-28
burglary,-1.2595824868303878,36.99539992121094,"Ruai, Nairobi, 00520, Kenya",2022-08-29
vandalism,-1.2264242,36.8360089,"Thindigua, Ridgeways, Nairobi, 00621, Kenya",2022-10-25
theft,-1.1952925685016411,36.958112901677,"Kahawa Sukari Avenue, Nairobi, Kiambu, Central Kenya, 00608, Kenya",2022-10-13
fraud,-1.240087747441168,36.779843884094596,"Kitisuru, Nairobi, 11403, Kenya",2023-03-03
fraud,-1.172092044187892,36.910453642098915,"Nairobi, 00608, Kenya",2022-11-21
vandalism,-1.3468543,36.8995604542727,"Viraj Complex, Mombasa Road, Nairobi, 00603, Kenya",2022-04-23
burglary,-1.306989805892085,36.86643989227612,"Nanyuki Road, Kware, Donholm, woodcraft village, Nairobi, 00507, Kenya",2022-07-18
vandalism,-1.2754982,36.78240711549133,"Africa Horizon Travel & Safaris Ltd, Mandera Road, Lavington, Nairobi, 54102, Kenya",2022-05-16
vandalism,-1.3210701223099242,36.735889874110605,"Southern Bypass, Langata, Lenana, Nairobi, 00517, Kenya",2022-12-16
theft,-1.3135650063794702,36.87402807325651,"Wesnya village, Imara Daima, woodcraft village, Nairobi, 00515, Kenya",2022-11-14
fraud,-1.249990262943422,36.97735051197215,"Nairobi, 00520, Kenya",2023-02-02
vandalism,-1.2082603,36.8872847,"Zimmerman, Nairobi, 00618, Kenya",2022-09-12
burglary,-1.3098604,36.8391351,"CHW office, Beirut, Fuata Nyayo B, South B, Nairobi, 00200, Kenya",2022-04-05
vandalism,-1.34530221510488,36.912686383111094,"B10E, Nairobi, 00603, Kenya",2023-02-19
burglary,-1.2111493093316446,36.802955871782494,"Northern Bypass, Runda, Nairobi, 00621, Kenya",2022-10-16
fraud,-1.3071112899710824,36.73699980767738,"Ngong Road, Riruta, Lenana, Nairobi, 00505, Kenya",2022-05-03
theft,-1.3810119,36.8376465,"Nairobi, 00519, Kenya",2022-07-21
vandalism,-1.2495580436765246,36.75107548151077,"Loresho, Nairobi, 11403, Kenya",2022-07-08
fraud,-1.1888232391405211,36.95624216527287,"Kahawa Wendani, Nairobi, Kiambu, Central Kenya, 00608, Kenya",2022-10-14
burglary,-1.2406716,36.8030008,"56a, Sigiria Trail, Gigiri, Nairobi, 00800, Kenya",2022-12-08
burglary,-1.2827381,36.766926,"Dalbit Petroleum Ltd, James Gichuru Road, Lavington, Nairobi, 54102, Kenya",2023-01-24
vandalism,-1.30325275,36.826367685558694,"Nairobi, Kenya",2023-03-12
theft,-1.293864949857121,36.72756722611823,"Kabiria, Lenana, Nairobi, 00505, Kenya",2023-03-05
theft,-1.2662475885760873,36.899403891869326,"Pheroze, Komarock, Babadogo, Nairobi, 55145, Kenya",2023-01-16
fraud,-1.315947,36.87999487045376,"School Pitch, Catherine Ndereba Road, Embakasi, Pipeline, woodcraft village, Nairobi, 00515, Kenya",2022-06-07
burglary,-1.2760080500000002,36.82259423408679,"Fig Tree Hotel, Murang'a Road, Ngara, Nairobi, 00600, Kenya",2022-08-26
theft,-1.234192515894212,36.958170804339886,"Nairobi, 00520, Kenya",2022-10-16
vandalism,-1.3121093692377033,36.718903277388556,"Nairobi, 00505, Kenya",2022-07-28
burglary,-1.3273386568620296,36.69184995021341,"Ngong Road, Karen, Embulbul, Nairobi, 00505, Kenya",2022-06-23
burglary,-1.2443507037682826,36.79731180197606,"Mukeu Trail, New Muthaiga, Nairobi, 00800, Kenya",2022-05-31
burglary,-1.2019187,36.9168155,"Githurai, Nairobi, 00608, Kenya",2023-01-20
assault,-1.278630077020193,36.911389427284725,"Sosian Estate, Nairobi, 55145, Kenya",2022-05-03
burglary,-1.359648,36.7592754,"Kolping Conference Centre, Papai Road, Off, Magadi Rd, Ongata Rongai, Papai Road, Nairobi, 24722, Kenya",2022-06-29
burglary,-1.1995365036546226,36.8840971418346,"Village Inn Road, Zimmerman, Nairobi, 00618, Kenya",2022-12-10
assault,-1.40815428870087,36.89955718116811,"Nairobi, 00519, Kenya",2022-10-13
assault,-1.2443589,36.8184372,"5a, Olive Path, Muthaiga, Nairobi, 00800, Kenya",2022-09-21
assault,-1.2970278621371394,36.88643025155564,"Outer Ring Road, Buru Buru Phase 5, Donholm, woodcraft village, Nairobi, 00515, Kenya",2022-12-18
fraud,-1.296555,36.9009787,"LOWER SAVANNAH, Donholm, Lower Savannah, Nairobi, 00515, Kenya",2022-06-26
theft,-1.3820185729632528,36.7590261917473,"Ndorobo Road, Nairobi, 24722, Kenya",2022-06-07
assault,-1.2550037,36.7465916,"Kaumoni Road, Loresho, Nairobi, 11403, Kenya",2022-04-07
vandalism,-1.2853358,36.79005681041667,"Suite Life, Nyangumi Road, Kilimani, Nairobi, 30728, Kenya",2023-02-25
vandalism,-1.2508867216786455,36.76041757616422,"Loresho Ridge, Loresho, Nairobi, 11403, Kenya",2022-10-15
vandalism,-1.3960311841241853,36.89569377770034,"Nairobi, 00519, Kenya",2023-03-17
burglary,-1.307978023860156,36.909248245853234,"Johari Avenue, Kwa Ndege, NSSF Nyayo Embakasi, Nairobi, 00515, Kenya",2022-06-20
fraud,-1.2726732813099717,36.76805834805562,"Nuru Villas, Lavington, Nairobi, 54102, Kenya",2023-03-17
vandalism,-1.34977805,36.75631853522462,"Catholic University of East Africa, Comboni Road, Nairobi, 24722, Kenya",2022-11-06
burglary,-1.2713592287844404,36.78527325966952,"Dik Dik Gardens, Lavington, Nairobi, 97104, Kenya",2023-02-25
theft,-1.3911174973832834,36.8408556589284,"Nairobi, Kenya",2022-10-12
assault,-1.2362396698658253,36.804385766456114,"Gigiri Road, Gigiri, Nairobi, 00800, Kenya",2022-06-16
assault,-1.3788419423243976,36.87850966879772,"Nairobi, 74416, Kenya",2022-06-04
theft,-1.2426553697016025,36.809353328263406,"Sigiria Trail, Gigiri, Nairobi, 00800, Kenya",2022-12-30
assault,-1.3140717,36.96827913033471,"Nairobi, Kenya",2023-03-06
assault,-1.3361085,36.6908209,"Nairobi, Kenya",2022-10-01
vandalism,-1.2865715500000001,36.82164399517996,"Nairobi City Hall, Mama Ngina Street, Central Business District, Ngara, Nairobi, 46464, Kenya",2022-03-30
fraud,-1.311716,36.7411453,"Steve's Steakhouse, Nairobi, Ngong Road, Riruta, Lenana, Nairobi, 00505, Kenya",2023-02-09
assault,-1.3064479,36.9083795,"NSSF Nyayo Embakasi, Nairobi, 00515, Kenya",2022-05-15
burglary,-1.3749447,36.826202,"Nairobi, 00519, Kenya",2022-05-04
burglary,-1.3886649,36.8772009,"Nairobi, 74416, Kenya",2022-11-24
assault,-1.176113,36.8995866,"Kahawa West, Nairobi, 00608, Kenya",2022-09-21
burglary,-1.353417384151242,36.795716958065206,"Nairobi, 00509, Kenya",2022-08-02
burglary,-1.2119446,36.8167827,"Runda Road, Runda, Nairobi, 00621, Kenya",2022-11-23
fraud,-1.2762263,36.9438873,"Nairobi, 55145, Kenya",2022-10-05
assault,-1.253452320832314,36.98672856264692,"Eastern Bypass, Ruai, Nairobi, 00520, Kenya",2022-10-26
vandalism,-1.2481731259999758,36.75146781977594,"Loresho, Nairobi, 11403, Kenya",2022-07-16
burglary,-1.271067,36.9328514,"Kayole, Nairobi, 55145, Kenya",2022-09-14
fraud,-1.31206135,36.74412318361219,"Ngong Racecourse, Cemetery Road, Lenana, Nairobi, 00505, Kenya",2022-12-24
fraud,-1.3853032086460326,36.854623293567656,"Nairobi, Kenya",2022-05-26
fraud,-1.3738178,36.7116845,"Nairobi, 00511, Kenya",2022-06-27
vandalism,-1.3338263000000001,36.89574266220954,"Amiran Kenya Ltd, Mombasa Road, Nairobi, 00603, Kenya",2022-12-05
vandalism,-1.3952480396053835,36.81146340993259,"Glass Lane, Nairobi, Kajiado, Kenya",2022-05-10
theft,-1.283658212114138,36.718144585008076,"Kabiria, Waithaka, Nairobi, 00505, Kenya",2022-04-17
burglary,-1.3723759570323357,36.75460568461249,"Nairobi, 24722, Kenya",2022-12-31
burglary,-1.3212524265676102,36.6730964188487,"Nairobi, Kenya",2022-05-13
fraud,-1.3604995,36.9059582,"Old Mombasa Road, Nairobi, 00603, Kenya",2023-02-18
vandalism,-1.2746558713460834,36.81770163364705,"Kipande Road, Chiromo, Nairobi, 46464, Kenya",2023-01-18
vandalism,-1.3580909588191183,36.695157917638234,"Nairobi, Kenya",2022-07-26
fraud,-1.4006478270003522,36.82162761534718,"Nairobi, Kajiado, Kenya",2022-05-12
theft,-1.4093721429997403,36.91216376144808,"Nairobi, 00519, Kenya",2022-05-30
fraud,-1.37732105,36.76492834776178,"IUCN ESARO, IUCN Wasaa Rd, Nairobi City, Wasaa Road, Nairobi, 24722, Kenya",2023-01-17
fraud,-1.3188367,36.8278221,"South C, Nairobi, 00200, Kenya",2022-04-17
fraud,-1.2852719,36.8999996,"Marx Sports Bar, Manyanja Road, Umoja II, Lower Savannah, Nairobi, 55145, Kenya",2022-10-23
assault,-1.3847125,36.7873105,"Kingfisher Picnic Site Road, Nairobi, 24722, Kenya",2022-06-02
assault,-1.2577052,36.7598229,"St Martins Girls Secondary School, Mukabi Road, Kangemi, Nairobi, 11403, Kenya",2022-11-06
assault,-1.3110456487970765,36.72794340508275,"Southern Bypass, Lenana, Nairobi, 00505, Kenya",2022-12-06
vandalism,-1.23375185,36.81017624679555,"Embassy of the United States of America, Gigiri Grove, Gigiri, Nairobi, 00621, Kenya",2022-10-01
assault,-1.37456595,36.83970163880481,"Nairobi National Park, Nairobi, Kenya",2022-07-16
vandalism,-1.2943625671663421,36.71450919048874,"Kabiria, Waithaka, Nairobi, 00505, Kenya",2023-01-27
vandalism,-1.31239835,36.90338253843147,"EAST AFRICAN SCHOOL OF AVIATION, Massai Drive, Tassia II, Tassia, Nairobi, 00515, Kenya",2022-05-31
vandalism,-1.30325275,36.826367685558694,"Nairobi, Kenya",2022-09-26
assault,-1.3616874394962677,36.73135878889935,"Masai West Road, Hardy, Nairobi, 24722, Kenya",2022-06-15
burglary,-1.3295339646353428,36.933911885205006,"Nairobi, 00603, Kenya",2022-07-14
assault,-1.3084624,36.8851455,"Reheboth Christian Gospel Church, Quarry road, Kware, Donholm, woodcraft village, Nairobi, 00515, Kenya",2022-04-22
fraud,-1.3486631,36.7647205,"Magadi Road, Nairobi, 24722, Kenya",2022-10-07
burglary,-1.2790305000000002,36.787356862005474,"Kenton College, Tinderet Avenue, Kilimani, Nairobi, 54102, Kenya",2022-07-26
fraud,-1.31325885,36.84603672853077,"Hazina Market Village, Plainsview Road, South B, Nairobi, 00507, Kenya",2022-07-06
theft,-1.2914523,36.87972307295472,"Baraka Primary School, Mumias South Road, Buru Buru Phase 2, Buruburu, Jericho, Nairobi, 00515, Kenya",2022-04-18
vandalism,-1.2206801,36.8939766,"RCMRD, Kasarani Mwiki Road, Ngumba, Babadogo, Nairobi, 00618, Kenya",2022-09-27
vandalism,-1.3139824659130717,36.91789739973736,"Road to KQ Pride Center, NSSF Nyayo Embakasi, Nairobi, 00515, Kenya",2022-08-23
burglary,-1.2264165978952373,36.925345338836436,"Hunters, Kasarani Mwiki, Nairobi, 00608, Kenya",2023-01-03
fraud,-1.1755067813663014,36.94314975695233,"Thika Road, Kahawa Wendani, Nairobi, Kiambu, Central Kenya, 00608, Kenya",2022-08-04
assault,-1.2785964084151207,36.951623130621,"Nairobi, 55145, Kenya",2023-01-05
burglary,-1.3686896,36.7033991,"Nairobi, Kenya",2022-06-12
burglary,-1.3912562,36.9088221,"Nairobi, 00519, Kenya",2022-05-25
assault,-1.3956098,36.7715954,"Entomoto Drive, Nairobi, Kajiado, 00511, Kenya",2022-07-29
burglary,-1.3441516,36.6918308,"Nairobi, Kenya",2023-01-13
assault,-1.3076317117834397,36.80813038372007,"Mawensi Garden, Siwaka Estate, Nairobi, 00202, Kenya",2022-05-03
assault,-1.2606299,36.7838429,"The Manor 540, Muthangari Drive, Lavington, Nairobi, 97104, Kenya",2022-06-08
vandalism,-1.2070307,36.8826109,"PONTY PRIDD HOLDINGS, Northern Bypass, Marurui, Nairobi, 00618, Kenya",2022-08-04
burglary,-1.2363695,36.866672117745,"Ruaraka, Nairobi, 00620, Kenya",2022-06-26
fraud,-1.25643,36.737476322332164,"VetLab Sports Club, Loresho Ridge, Loresho, Nairobi, 11403, Kenya",2023-03-16
fraud,-1.3177706,36.7909157,"Kifaru Court, NHC Lang'ata Court, Phase 1, Nairobi, 00400, Kenya",2023-03-13
vandalism,-1.3238436,36.81670609166312,"14/32, Langata Road, Siwaka Estate, Nairobi, 00202, Kenya",2022-05-08
burglary,-1.3269426440261611,36.78324832735014,"Maboko Road, Uhuru Gardens Estate, Langata, Nairobi, 00517, Kenya",2022-10-16
theft,-1.1823459,36.92569304410933,"Ngong Hostels, Lukenya Road, Nairobi, 00608, Kenya",2022-05-30
burglary,-1.2626722196397113,36.74617930073671,"Loresho, Nairobi, 00505, Kenya",2022-10-10
theft,-1.30325275,36.826367685558694,"Nairobi, Kenya",2022-08-17
vandalism,-1.3756820737546744,36.72243154469777,"Nairobi, 00511, Kenya",2022-11-11
vandalism,-1.3987578,36.879175,"Nairobi, 74416, Kenya",2022-08-29
theft,-1.3968283,36.8937522,"Nairobi, 00519, Kenya",2023-03-03
theft,-1.2631715709792715,36.88700759018094,"Kariobangi South, Babadogo, Nairobi, 00611, Kenya",2022-06-20
burglary,-1.2593732,36.7796891,"Standard Chartered Bank ATM, Waiyaki Way, Lavington, Nairobi, 97104, Kenya",2022-12-20
assault,-1.30325275,36.826367685558694,"Nairobi, Kenya",2022-03-20
assault,-1.30325275,36.826367685558694,"Nairobi, Kenya",2023-01-17
burglary,-1.3609690221418425,36.689544572726646,"Kianugu Zone, Nairobi, Kenya",2023-01-11
burglary,-1.2844387,36.8597983,"Kenya Police, Eastliegh,, Eldoret Road, Maringo, Bahati, Nairobi, 00101, Kenya",2022-04-02
theft,-1.3163379,36.7006935,"Our Lady of Angels Novitiate, 19 Link Road, Karen, Nairobi, 00505, Kenya",2022-12-19
vandalism,-1.31199645026262,36.95787707145296,"Nairobi, 00603, Kenya",2022-08-24
fraud,-1.2797908898417112,36.75174130180664,"Kawangware, Nairobi, 54102, Kenya",2022-12-12
burglary,-1.3782826019737968,36.70012657598474,"Forest Line Road, Nairobi, Kajiado, Kenya",2022-11-27
theft,-1.18069485,36.930846133745185,"Kenyatta University, Thika Road, Nairobi, 00608, Kenya",2023-02-19
theft,-1.3664504368212318,36.71967532133747,"Nairobi, 24722, Kenya",2022-11-04
assault,-1.241347,36.797967,"60, Thigiri Trail, New Muthaiga, Nairobi, 00800, Kenya",2022-11-25
fraud,-1.30325275,36.826367685558694,"Nairobi, Kenya",2022-07-21
assault,-1.2407217,36.811961203736985,"Rwanda High Commission, Limuru Road, Gigiri, Nairobi, 00800, Kenya",2022-06-15
theft,-1.1872808707328888,36.92639595810209,"Nairobi, 00608, Kenya",2022-04-24
assault,-1.2151896546495742,36.857856156343615,"Northern Bypass, Marurui, Nairobi, 00618, Kenya",2022-05-03
vandalism,-1.2243072,36.843183,"Orchad Close, Thindigua, Ridgeways, Nairobi, 00620, Kenya",2022-08-26
theft,-1.31498275,36.87174296275975,"Reuben Ground, Gatoto Road, Mukuru Kwa Ruben, Imara Daima, woodcraft village, Nairobi, 00507, Kenya",2023-02-05
burglary,-1.2397855905856392,36.760532438623535,"Farasi Lane, Nairobi, 11403, Kenya",2022-06-17
assault,-1.2797568858594668,36.94237273979796,"Nairobi, 55145, Kenya",2022-07-24
theft,-1.2414978,36.7456687,"Nairobi, 11403, Kenya",2022-06-06
fraud,-1.25048113301575,36.959737952308984,"New Njiru, Nairobi, 00520, Kenya",2022-07-17
vandalism,-1.3178216455594802,36.81792342586271,"South C, Nairobi, 00202, Kenya",2022-07-31
vandalism,-1.2785853596565857,36.7854021206955,"Kilimani, Nairobi, 54102, Kenya",2022-03-30
vandalism,-1.304525018038829,36.7275335777303,"Riruta, Lenana, Nairobi, 00505, Kenya",2022-04-28
fraud,-1.2666095992560682,36.93509304451585,"Nairobi, 55145, Kenya",2022-03-25
vandalism,-1.3360140132124128,36.673427815238085,"Embulbul, Nairobi, Kenya",2022-08-11
fraud,-1.2808428067409101,36.987593160965694,"Ruai, Nairobi, 00520, Kenya",2022-04-06
vandalism,-1.2383042,36.9744126,"Nairobi, 00520, Kenya",2022-09-24
assault,-1.3252052663390939,36.69783319094829,"Ngong Road, Karen, Embulbul, Nairobi, 00505, Kenya",2022-09-22
fraud,-1.3807152683765354,36.853271292793224,"Nairobi, Kenya",2022-09-27
burglary,-1.303663732545566,36.85423849449309,"Makongeni, Bahati, Nairobi, 00507, Kenya",2022-11-11
vandalism,-1.390000727595978,36.78899673015382,"Masai Lodge Road, Nairobi, 00511, Kenya",2022-08-03
fraud,-1.3228755282895757,36.65500331886993,"Nairobi, Kenya",2023-03-12
theft,-1.3216524886977472,36.87924400794875,"Imara Daima Estate, Imara Daima, woodcraft village, Nairobi, 00515, Kenya",2022-09-17
theft,-1.3582274139142814,36.75470318504973,"Nairobi, 24722, Kenya",2023-02-07
fraud,-1.3314183499999999,36.79966419311057,"Nairobi, Kenya",2023-02-15
vandalism,-1.2500992,36.9680808,"Nairobi, 00520, Kenya",2023-03-14
assault,-1.3295514,36.6859947,"Ngong Road, Embulbul, Nairobi, Kenya",2022-08-31
fraud,-1.3349226844737738,36.7420470068976,"Kufuga Road, Nairobi, 00517, Kenya",2023-01-10
fraud,-1.2324761,36.8040361,"Just At Home Guesthouse, 91, United Nations Crescent Off, Gigiri, Nairobi, 00621, Kenya",2022-11-10
assault,-1.3328460225726302,36.8073928087131,"Southern Bypass, Diamond Park Estate, South C, Nairobi, 00517, Kenya",2022-05-15
burglary,-1.3727777402130463,36.74623805930756,"Gogo Falls Road, Nairobi, 24722, Kenya",2022-05-31
vandalism,-1.30325275,36.826367685558694,"Nairobi, Kenya",2022-07-08
assault,-1.2377964680487081,36.674416778360204,"Gitaru - Nairobi Highway Road, Rungiri, Gitaru, Kiambu, Central Kenya, 00109, Kenya",2022-04-15
theft,-1.2414978,36.7456687,"Nairobi, 11403, Kenya",2022-08-16
theft,-1.2648122005862699,36.884398969001644,"Kariobangi South, Babadogo, Nairobi, 00611, Kenya",2022-12-25
vandalism,-1.30325275,36.826367685558694,"Nairobi, Kenya",2022-09-05
burglary,-1.391516,36.9049437,"Nairobi, 00519, Kenya",2022-12-18
vandalism,-1.4211166,36.9489151,"Nairobi-Namanga-Athi River Road, Athi River, Machakos, East Kenya, 00519, Kenya",2022-06-08
vandalism,-1.319609833664891,36.700972198987486,"Karen, Nairobi, 00505, Kenya",2022-05-18
assault,-1.306844,36.9559532,"Nairobi, 00603, Kenya",2022-04-18
assault,-1.2672447,36.81557839234998,"Hospital Hill Primary School, Parklands Road, Parklands, Nairobi, 00606, Kenya",2022-11-16
assault,-1.3406963983632896,36.783836098536916,"Langata, Nairobi, 00509, Kenya",2022-11-22
assault,-1.2272791169098511,36.862213035010654,"Garden Court Lane, Garden Estate, Ruaraka, Nairobi, 00620, Kenya",2023-03-11
assault,-1.3194354,36.8501812,"Diamond Park Estate, South B, Nairobi, 00507, Kenya",2022-06-18
fraud,-1.1861126919927205,36.89887312822661,"Kahawa West, Nairobi, 00608, Kenya",2022-06-05
assault,-1.259714729541213,36.85706526973544,"Mlango, Ruaraka, Nairobi, 00620, Kenya",2022-11-06
burglary,-1.3886625196388915,36.85418626959352,"Nairobi, Kenya",2022-09-15
assault,-1.2469934435702175,36.91230234087032,"Nairobi, 55145, Kenya",2023-03-11
vandalism,-1.3314183499999999,36.79966419311057,"Nairobi, Kenya",2022-07-26
fraud,-1.2699279,36.7946183,"Sameer Investments Ltd, Riverside Drive, Kileleshwa, Nairobi, 97104, Kenya",2022-03-27
theft,-1.2556851926137769,36.820346559507975,"Pramukh Swami Avenue, Muthaiga, Nairobi, 00606, Kenya",2022-07-26
theft,-1.3188367,36.8278221,"South C, Nairobi, 00200, Kenya",2023-02-19
theft,-1.2247034,36.89747597364901,"Bee-Health Lab, ICIPE Road, Ngumba, Babadogo, Nairobi, 00618, Kenya",2022-04-06
burglary,-1.29415765,36.765842568975984,"Diplomat Villas, Masanduku Lane, Nairobi, 54102, Kenya",2023-03-02
burglary,-1.3270705,36.7628449,"Mukinduri Lane, Nairobi, 00517, Kenya",2022-06-29
theft,-1.2830517566338793,36.74718527673965,"Kawangware, Nairobi, 00505, Kenya",2022-04-03
assault,-1.3023011770826602,36.70790144061969,"Mutuini, Nairobi, 00505, Kenya",2022-06-12
theft,-1.3064479,36.9083795,"NSSF Nyayo Embakasi, Nairobi, 00515, Kenya",2023-03-15
theft,-1.2927425000000001,36.842785003681904,"Nairobi Stadium Open Air Market, City Stadium Roundabout, Makongeni, Nairobi, 00101, Kenya",2022-07-12
assault,-1.3811288,36.76760423100306,"Multimedia University of Kenya, Magadi Road, Nairobi, 24722, Kenya",2022-12-26
burglary,-1.271772245982846,36.87325540195482,"Kariobangi South, Babadogo, Nairobi, 00611, Kenya",2022-06-19
burglary,-1.34081092625731,36.898885647178155,"Mombasa Road, Nairobi, 00603, Kenya",2022-10-26
burglary,-1.32760655,36.794163004864686,"Langata Barracks Primary School, Langata Road, Langata, Nairobi, 00517, Kenya",2022-08-28
assault,-1.2239014644012551,36.908722861972855,"Kasarani Mwiki Road, Clay Garden, Babadogo, Nairobi, 00608, Kenya",2022-11-24
vandalism,-1.2605833637197554,36.70550880886397,"Kagondo, Nairobi, 00109, Kenya",2022-12-14
theft,-1.3067759217417685,36.666790417967796,"Karinde, Nairobi, 00109, Kenya",2022-08-20
burglary,-1.202766,36.9137127,"Holy Mother of God, Ngumba Road, Githurai, Nairobi, 00608, Kenya",2022-07-27
fraud,-1.2836431856685817,36.71543961681596,"Kabiria, Waithaka, Nairobi, 00505, Kenya",2022-08-19
theft,-1.2402201846203593,36.773616131393865,"Kitisuru, Nairobi, 11403, Kenya",2022-08-22
theft,-1.3552610410449795,36.90024268796783,"Old Mombasa Road, Mombasa Road Industrial Area, Nairobi, 00603, Kenya",2023-02-24
assault,-1.3261534,36.9119328,"Shreeji Road, Embakasi village, Nairobi, 00515, Kenya",2022-06-30
theft,-1.30325275,36.826367685558694,"Nairobi, Kenya",2022-05-06
assault,-1.1734716,36.9200921,"Nairobi, 00608, Kenya",2022-07-03
vandalism,-1.3703535841241277,36.719941528218335,"Nairobi, 00511, Kenya",2022-08-26
burglary,-1.2243795,36.7992774,"Rosslyn Valley developments, Whispers, Nairobi, 00621, Kenya",2022-04-21
fraud,-1.3375931083478034,36.694580075776315,"Karen, Nairobi, Kenya",2022-10-03
vandalism,-1.3184215587968415,36.917121964789054,"Airport North Road, Embakasi village, NSSF Nyayo Embakasi, Nairobi, 00515, Kenya",2022-08-01
theft,-1.2677472,36.715115,"Nairobi, 00505, Kenya",2023-01-22
fraud,-1.322107703490686,36.68768916364206,"Mwitu Drive, Mwitu Estate, Embulbul, Nairobi, Kenya",2022-11-04
fraud,-1.2436595295631498,36.87208840944793,"Kariobangi North, Ruaraka, Nairobi, 00620, Kenya",2022-12-19
vandalism,-1.3288189,36.733987,"Nairobi, 00505, Kenya",2023-02-10
assault,-1.2354758,36.8376822,"38, Muhuga Trail, New Runda, Nairobi, 00620, Kenya",2022-07-19
vandalism,-1.37456595,36.83970163880481,"Nairobi National Park, Nairobi, Kenya",2022-09-25
fraud,-1.2683202,36.90474159646239,"Komarock Phase 5A, Komarock, Babadogo, Nairobi, Kenya",2022-10-02
assault,-1.290215173700346,36.88753645486806,"Donholm, Nairobi, 00515, Kenya",2022-10-25
vandalism,-1.3631435849772673,36.708613315883674,"Forest Line Road, Nairobi, Kenya",2022-07-31
theft,-1.2295244,36.8174894,"Embassy of the republic of Congo, Whispers Avenue, Whispers, Nairobi, 00621, Kenya",2022-11-22
theft,-1.3409981,36.7929272,"Kenya Wildlife Service Officers Mess, Langata Road, Langata, Nairobi, 00509, Kenya",2023-01-13
burglary,-1.2285641463045072,36.84198841366735,"Ridgeways Springs, Thindigua, Ridgeways, Nairobi, 00620, Kenya",2022-04-30
theft,-1.2731211,36.79961,"Riverlyn Villas, Kileleshwa, Nairobi, 97104, Kenya",2022-05-10
burglary,-1.3490676486954265,36.726192761113715,"Nairobi, 24722, Kenya",2022-07-21
theft,-1.3895677,36.8052813,"Nairobi, 24722, Kenya",2022-04-23
fraud,-1.3463786679043765,36.66407721980389,"Ngong Road, Embulbul, Nairobi, Kenya",2022-08-17
burglary,-1.3197149,36.7438985,"Homeward Bound, Lenana, Nairobi, 00505, Kenya",2022-07-06
fraud,-1.2974379,36.83353637786066,"National GeoData Center (NGDC), Machakos Road, Nairobi West, Nairobi, 00200, Kenya",2022-12-31
burglary,-1.3204312866276102,36.94631249099662,"Nairobi, 00603, Kenya",2022-10-21
fraud,-1.30546755,36.79509631578877,"Royal Nairobi Golf Club, Lang'ata Link Road, Nairobi, 00400, Kenya",2022-03-26
vandalism,-1.2156468122487185,36.79116746616102,"Roselyn Lone Tree Estate, Rosslyn, Nairobi, 00621, Kenya",2022-09-27
vandalism,-1.1871086,36.9206788,"Nairobi, 00608, Kenya",2023-03-02
fraud,-1.3208715379541318,36.76835589124547,"Southern Bypass, Langata, Lenana, Nairobi, 00517, Kenya",2023-02-14
vandalism,-1.3399711,36.8688659,"South C, Nairobi, 00507, Kenya",2022-08-16
fraud,-1.2301637,36.7763244,"Ngecha Road, Nyari, Nairobi, 11403, Kenya",2022-05-21
vandalism,-1.3618143,36.6924369,"Nairobi, Kenya",2022-10-23
vandalism,-1.28361535995495,36.89912857829224,"Umoja II, Lower Savannah, Nairobi, 55145, Kenya",2022-05-16
vandalism,-1.2777475484740042,36.892663760612876,"Moi Drive, Umoja II, Lower Savannah, Nairobi, 55145, Kenya",2023-02-04
fraud,-1.1719041,36.9095524,"Nairobi, 00608, Kenya",2022-04-29
fraud,-1.2940971267482322,36.845846146612274,"Makongeni, Bahati, Nairobi, 00101, Kenya",2022-09-05
vandalism,-1.2958998,36.79172708745158,"Sumo Apartments, Marcus Garvey Road, Hurlingham, Nairobi, 30728, Kenya",2022-08-30
assault,-1.3328938,36.7816659,"Langata, Nairobi, 00509, Kenya",2022-05-09
burglary,-1.3253773844964232,36.72754754876451,"Begonia Drive, Nairobi, 00505, Kenya",2022-07-27
theft,-1.3128751,36.885837,"Freshlife toilets, Quarry road, Kware, Donholm, woodcraft village, Nairobi, 00515, Kenya",2022-05-13
fraud,-1.3122403999999999,36.76769728289723,"Rowallan Scout Camp, Kibera Drive, Nairobi, 00400, Kenya",2023-02-24
theft,-1.2461566,36.9581687,"New Njiru, Nairobi, 00520, Kenya",2023-02-16
vandalism,-1.288664897151779,36.83460470643038,"Factory Street, Kariokor, Nairobi, 00101, Kenya",2022-04-11
vandalism,-1.1954811,36.9028411,"Githurai 44, Northern Bypass, Marurui, Nairobi, 00618, Kenya",2023-01-18
vandalism,-1.3328938,36.7816659,"Langata, Nairobi, 00509, Kenya",2022-05-18
burglary,-1.223041,36.8471729,"Thindigua, Ridgeways, Nairobi, 00620, Kenya",2022-11-04
vandalism,-1.2390147,36.9818835,"Nairobi, 00520, Kenya",2022-03-23
theft,-1.3895677,36.8052813,"Nairobi, 24722, Kenya",2022-03-22
fraud,-1.290460468509625,36.90905475531467,"Soweto, Lower Savannah, Nairobi, 55145, Kenya",2023-03-06
assault,-1.2838445,36.7817317,"Kilimani, Nairobi, 54102, Kenya",2023-02-08
theft,-1.2427468,36.863115659556364,"General Service Unit (GSU) Headquarters, Thika Road, Ngumba, Ruaraka, Nairobi, 00620, Kenya",2022-08-26
fraud,-1.20522495,36.861692610297624,"fairway, Ushindi W Avenue, Marurui, Nairobi, 00618, Kenya",2022-06-27
assault,-1.3314183499999999,36.79966419311057,"Nairobi, Kenya",2022-06-28
theft,-1.3231769,36.8795604,"Imara Daima, Nairobi, 00515, Kenya",2022-06-21
fraud,-1.4182407355521645,36.9241829109479,"Nairobi, 00519, Kenya",2022-11-14
burglary,-1.3949837,36.7971423,"Saika Lane, Nairobi, 00511, Kenya",2022-04-14
vandalism,-1.3322981232350684,36.82584977104492,"Southern Bypass, Diamond Park Estate, South C, Nairobi, 00517, Kenya",2022-11-11
assault,-1.3106376,36.7996716,"Ngumo Stage, Mbagathi Road, Highview estate, Siwaka Estate, Nairobi, 00202, Kenya",2023-01-24
vandalism,-1.228281764815477,36.88173048621467,"Thika Road, Roysambu, Ruaraka, Nairobi, 00618, Kenya",2022-05-30
burglary,-1.2667176275425638,36.87191681068216,"Kariobangi South, Babadogo, Nairobi, 00611, Kenya",2023-03-06
theft,-1.3308632402417804,36.75765323895525,"Mokoyeti Road East, Nairobi, 00517, Kenya",2022-08-30
vandalism,-1.32760655,36.794163004864686,"Langata Barracks Primary School, Langata Road, Langata, Nairobi, 00517, Kenya",2022-07-24
burglary,-1.30325275,36.826367685558694,"Nairobi, Kenya",2022-04-22
burglary,-1.4083384,36.8945763,"Nairobi, 00519, Kenya",2022-11-29
burglary,-1.183209710415214,36.936663385418996,"Thika Road, Kahawa Wendani, Nairobi, Kiambu, Central Kenya, 00608, Kenya",2022-04-26
theft,-1.3658976088267554,36.71140436782365,"Forest Line Road, Nairobi, Kenya",2022-10-05
theft,-1.346519590557653,36.74716550813593,"Nairobi, 24722, Kenya",2022-08-28
burglary,-1.3628680715547088,36.717604346608624,"Quarry Lane, Nairobi, 24722, Kenya",2023-02-05
assault,-1.30325275,36.826367685558694,"Nairobi, Kenya",2022-04-23
theft,-1.3043482,36.7239596,"Riruta, Lenana, Nairobi, 00505, Kenya",2022-06-07
fraud,-1.3299727734827698,36.67018819526814,"1st Drive, Embulbul, Nairobi, Kenya",2022-07-29
vandalism,-1.2715138500665104,36.831631383084336,"Abidjan Road, Park Road, Nairobi, 00600, Kenya",2023-02-21
vandalism,-1.234422672855035,36.96184237285998,"Nairobi, 00520, Kenya",2022-06-06
theft,-1.432126113037643,36.950658226075284,"Nairobi, 00519, Kenya",2022-11-18
theft,-1.3418359958156416,36.87739022777425,"Old Mombasa Road, Nairobi, 00603, Kenya",2023-01-25
theft,-1.2275555751519336,36.841527925077784,"Ridgeways Springs, Thindigua, Ridgeways, Nairobi, 00620, Kenya",2022-10-30
burglary,-1.1856052158379462,36.90152660399076,"Kahawa West, Nairobi, 00608, Kenya",2022-10-02
fraud,-1.3279612,36.8177888,"South C, Nairobi, 00202, Kenya",2022-08-04
fraud,-1.332370053136645,36.75529743178954,"Langata N Road, Nairobi, 00517, Kenya",2022-05-22
theft,-1.316247419674266,36.952037112214164,"Nairobi, 00603, Kenya",2023-03-03
theft,-1.3233962876660272,36.82485675897429,"South C, Nairobi, 00200, Kenya",2022-12-21
assault,-1.2188806793707927,36.85046007802501,"Ridgeways Road, Thindigua, Garden Estate, Ruaraka, Nairobi, 00621, Kenya",2022-07-22
theft,-1.33673575,36.77126870527889,"New Conference Hall, Langata Road, Langata, Nairobi, 00509, Kenya",2022-05-10
vandalism,-1.3005427,36.81175579096163,"The World Bank Group, Menengai Rd, Nairobi, Menengai Road, Upper Hill, Nairobi, 00202, Kenya",2022-04-04
assault,-1.33673575,36.77126870527889,"New Conference Hall, Langata Road, Langata, Nairobi, 00509, Kenya",2023-02-25
vandalism,-1.3384105,36.6898325,"Embulbul, Nairobi, Kenya",2022-12-19
assault,-1.30325275,36.826367685558694,"Nairobi, Kenya",2022-12-03
theft,-1.3097942145675268,36.71429214071104,"Miotoni Lane, Mutuini, Nairobi, 00505, Kenya",2023-02-05
theft,-1.1869378046391432,36.941199698062746,"Kahawa Wendani, Nairobi, Kiambu, Central Kenya, 00608, Kenya",2022-07-28
burglary,-1.2779144,36.6917469,"Kagondo, Nairobi, 00109, Kenya",2022-09-06
fraud,-1.1869574069811548,36.94516329338868,"Kahawa Wendani, Nairobi, Kiambu, Central Kenya, 00608, Kenya",2022-08-17
theft,-1.30325275,36.826367685558694,"Nairobi, Kenya",2022-07-14
burglary,-1.2852328841379697,36.97251918881599,"Nairobi, 00520, Kenya",2022-07-04
burglary,-1.234949,36.8010181,"Gigiri, Nairobi, 00621, Kenya",2022-05-31
vandalism,-1.40158995,36.79036340965256,"Africa Nazarene University, Ole Pasha Drive, Nairobi, 00511, Kenya",2023-03-09
vandalism,-1.30325275,36.826367685558694,"Nairobi, Kenya",2022-04-28
theft,-1.2582372299065103,36.911645799635984,"Saika, Komarock, Nairobi, 55145, Kenya",2022-10-21
fraud,-1.2428973,36.7859141,"Kitisuru, Nairobi, 11403, Kenya",2022-08-22
vandalism,-1.2764957418633711,36.869722827727614,"Uhuru Estate, Maringo, Jericho, Nairobi, 00611, Kenya",2022-05-03
fraud,-1.2244485,36.8673527,"Garden Estate, Ruaraka, Nairobi, 00618, Kenya",2022-07-01
burglary,-1.2826279324671013,36.852153889082444,"Eastleigh, Bahati, Nairobi, 00101, Kenya",2023-01-29
burglary,-1.2937755,36.7965039437331,"Nairobi Women's Hospital, Argwings Kodhek Road, Hurlingham, Nairobi, 30728, Kenya",2022-05-10
burglary,-1.2884289140589296,36.88489773534152,"Buru Buru Phase 2, Buruburu, Nairobi, 00515, Kenya",2023-01-01
fraud,-1.294570782831483,36.98038095326489,"Nairobi, Machakos, East Kenya, 00520, Kenya",2022-12-13
fraud,-1.2238221222629109,36.790831913001064,"Rosslyn, Nairobi, 00621, Kenya",2023-02-05
burglary,-1.3479163,36.6762994,"Embulbul, Nairobi, Kenya",2022-11-26
assault,-1.3813750493015686,36.75437373533961,"Nairobi, 00511, Kenya",2022-08-31
fraud,-1.3508336802366678,36.74434400251127,"Nairobi, 24722, Kenya",2022-08-24
vandalism,-1.33628935,36.87876342803515,"Inland Container Depot, Old Mombasa Road, Nairobi, 00603, Kenya",2022-08-07
vandalism,-1.2069863,36.85389543079505,"Windsor Golf & Country Club, Kigwa Road, Mika, Nairobi, 00620, Kenya",2023-01-16
burglary,-1.2431663385803402,36.908587181919145,"Kariandundu, Babadogo, Nairobi, 55145, Kenya",2022-06-30
assault,-1.259250291438116,36.724393103603255,"Nairobi, 00505, Kenya",2022-09-27
burglary,-1.3259866849433455,36.774265841830065,"Langata, Nairobi, 00517, Kenya",2022-10-19
vandalism,-1.3334505,36.8683599,"Maasai Road, Imara Daima, Nairobi, 00507, Kenya",2022-05-29
theft,-1.2776087999999999,36.839946066170114,"Dr. Aggrey Primary School, General Waruingi Street, Kariokor, Nairobi, 00100, Kenya",2022-12-09
burglary,-1.2945860738621857,36.96156172384967,"Nairobi, 00520, Kenya",2022-04-30
theft,-1.29367385,36.84233188379794,"City Stadium, Jogoo Road, Makongeni, Bahati, Nairobi, 00101, Kenya",2023-02-10
vandalism,-1.3323775318130686,36.85653193362335,"South C, Nairobi, 00507, Kenya",2022-04-05
vandalism,-1.3283721506825292,36.77596612238053,"Ndovu Lane, Langata, Nairobi, 00517, Kenya",2022-10-15
fraud,-1.3512794596851456,36.704586940856984,"Nairobi, Kenya",2022-05-10
vandalism,-1.3068844874445176,36.85004684724596,"Kitui Road, Mukuru Kayaba Village, Makongeni, Bahati, Nairobi, 00507, Kenya",2022-10-04
theft,-1.2745611,36.9477363,"Nairobi, 55145, Kenya",2022-04-25
vandalism,-1.3422418595362682,36.917580062200344,"Airport South Road, Nairobi, 00603, Kenya",2022-06-23
burglary,-1.3188367,36.8278221,"South C, Nairobi, 00200, Kenya",2022-08-16
fraud,-1.2811667779791895,36.96858015013302,"Nairobi, 00520, Kenya",2023-02-02
fraud,-1.1840273982873755,36.89673854785172,"Kahawa West, Nairobi, 00608, Kenya",2022-08-25
theft,-1.3378581324480558,36.711785034088976,"Karen, Nairobi, Kenya",2022-08-21
burglary,-1.2199725415968552,36.7884071483697,"Rosslyn, Nairobi, 00621, Kenya",2023-03-07
burglary,-1.238854,36.9081449,"Babadogo, Nairobi, 00618, Kenya",2022-12-29
burglary,-1.2136405,36.87930533266044,"United States International University - Africa, P. O. Box 14634, Lowland Road, Marurui, Nairobi, 00800, Kenya",2022-07-24
fraud,-1.3405336,36.75927137659591,"CITAM Karen parking lot, Langata Road, Nairobi, 00509, Kenya",2023-03-11
fraud,-1.3509323,36.8835235,"Muthama Road, Nairobi, 00603, Kenya",2022-11-21
fraud,-1.3296116321177405,36.67446949042353,"Kerarapon Drive, Embulbul, Nairobi, Kenya",2022-06-30
vandalism,-1.3302527,36.888681715950064,"City Cabanas Hotel, Mombasa Road, Imara Daima, Nairobi, 00515, Kenya",2022-05-15
vandalism,-1.37456595,36.83970163880481,"Nairobi National Park, Nairobi, Kenya",2022-05-05
burglary,-1.3556631,36.8891045,"Muthama Road, Nairobi, 00603, Kenya",2022-06-06
assault,-1.2620169620641093,36.89151591944167,"Kariobangi South, Babadogo, Nairobi, 55145, Kenya",2022-09-28
burglary,-1.2943061999999999,36.80652597424961,"Kugeria Court, Ralph Bunche Road, Hurlingham, Nairobi, 00202, Kenya",2022-04-13
assault,-1.3233990833543692,36.899944167673084,"Airport South Road, Pipeline, Nairobi, 00515, Kenya",2022-07-08
vandalism,-1.3007369605211219,36.79218224932992,"Hurlingham, Nairobi, 30728, Kenya",2023-01-05
fraud,-1.2724634447333742,36.98475256359458,"Ruai, Nairobi, 00520, Kenya",2022-09-21
vandalism,-1.355174166049938,36.73138440134682,"Bogani Park, Nairobi, 24722, Kenya",2022-03-28
theft,-1.2534761300315473,36.93569212263,"Koma Rock, Nairobi, 55145, Kenya",2023-03-01
burglary,-1.3076131,36.9117379,"St. Peter's A.C.K Church Embakasi, Embakasi Road, Embakasi village, NSSF Nyayo Embakasi, Nairobi, 00515, Kenya",2022-08-14
assault,-1.3385260816938678,36.86596853167231,"South C, Nairobi, 00507, Kenya",2022-07-29
assault,-1.2652659,36.72634127694984,"Kabete Technical Training Institute, Thiongo Road, Mountainview, Nairobi, 00505, Kenya",2022-04-07
assault,-1.4021845727703566,36.87041760227289,"Nairobi, 00519, Kenya",2022-06-13
fraud,-1.3424409492265374,36.952657089132934,"Nairobi, 74416, Kenya",2023-02-07
theft,-1.2650010762566635,36.98577555750763,"Kangundo Road, Ruai, Nairobi, 00520, Kenya",2022-07-13
theft,-1.1826363581526755,36.89368748222008,"Kahawa West, Nairobi, 00608, Kenya",2023-02-09
fraud,-1.2691484499999999,36.721696641157706,"Lab 1, Mugi Road, Kagondo, Nairobi, 00505, Kenya",2022-06-29
fraud,-1.3846763,36.8549634,"Nairobi, Kenya",2022-12-01
theft,-1.3157397540247677,36.75223766496511,"Homeward Bound, Lenana, Nairobi, 00505, Kenya",2022-08-09
theft,-1.34977805,36.75631853522462,"Catholic University of East Africa, Comboni Road, Nairobi, 24722, Kenya",2022-08-25
assault,-1.3892589,36.7967266,"Nairobi, 24722, Kenya",2022-11-11
fraud,-1.4201603361495616,36.94857670828549,"Nairobi-Namanga-Athi River Road, Athi River, Machakos, East Kenya, 00519, Kenya",2022-09-29
assault,-1.3802637,36.7728711,"Nairobi, 24722, Kenya",2022-05-16
burglary,-1.204588741314463,36.89832429363506,"Zimmerman, Nairobi, 00608, Kenya",2022-08-10
assault,-1.3343904,36.715224609142005,"Dimesse Sisters Karen, Karen Road, Karen, Nairobi, 00505, Kenya",2022-10-23
assault,-1.2710608257201967,36.74449629353267,"Mountainview, Nairobi, 00505, Kenya",2022-07-11
assault,-1.3831217,36.8431328,"Nairobi, 00519, Kenya",2022-09-13
theft,-1.2047498,36.791366888035355,"Sahara West Park Hotel, Northern Bypass, Rosslyn, Nairobi, 00621, Kenya",2022-11-26
fraud,-1.4070696875376973,36.7674764456061,"Rimpa Road, Nairobi, Kajiado, 00511, Kenya",2022-11-06
vandalism,-1.359648,36.7592754,"Kolping Conference Centre, Papai Road, Off, Magadi Rd, Ongata Rongai, Papai Road, Nairobi, 24722, Kenya",2022-11-11
fraud,-1.362806746769318,36.7355914858455,"Nairobi, 24722, Kenya",2022-04-09
vandalism,-1.2300193354497946,36.923901867570564,"Hunters, Kasarani Mwiki, Nairobi, 00608, Kenya",2022-06-14
burglary,-1.2633465,36.7886849,"Amani Gardens Inn, 71, Church Road, Spring Valley, Nairobi, 97104, Kenya",2022-12-10
fraud,-1.28015025,36.82041017160503,"Moi Avenue primary school, Slip Road, Ngara, Nairobi, 46464, Kenya",2022-04-03
theft,-1.3297331872820664,36.809342832997196,"Langata Link Road, Nairobi, 00202, Kenya",2022-06-25
burglary,-1.3583517892381325,36.75342681311771,"Nairobi, 24722, Kenya",2022-11-12
assault,-1.2741240999999999,36.82542401404184,"Chambai, Murang'a Road, Park Road, Nairobi, 00600, Kenya",2023-02-04
vandalism,-1.223977165839968,36.90843983544792,"Kasarani Mwiki Road, Clay Garden, Babadogo, Nairobi, 00608, Kenya",2022-05-13
theft,-1.2581479692173252,36.94081487289149,"Koma Rock, Nairobi, 55145, Kenya",2023-02-25
vandalism,-1.3186388,36.796358,"Deliverance Church, Adolo Way, Nairobi, 00202, Kenya",2023-03-05
vandalism,-1.258041134695732,36.72019018522438,"Nairobi, 00604, Kenya",2022-11-20
assault,-1.2406439184168807,36.88550968494587,"Ngumba, Babadogo, Nairobi, 00618, Kenya",2022-11-22
assault,-1.3231769,36.8795604,"Imara Daima, Nairobi, 00515, Kenya",2022-05-29
fraud,-1.2893987782352323,36.84847709042948,"Makongeni, Bahati, Nairobi, 00101, Kenya",2023-01-30
burglary,-1.2666004,36.77289876552175,"Muthangari Police Station, James Gichuru Road, Lavington, Nairobi, 54102, Kenya",2022-10-01
vandalism,-1.4392801063116736,36.96034807919008,"Nairobi, 00519, Kenya",2022-10-09
vandalism,-1.2588203078664004,36.88138356696552,"Kariobangi South, Babadogo, Nairobi, 00611, Kenya",2022-05-15
assault,-1.3668396178390239,36.75479943509079,"Nairobi, 24722, Kenya",2023-02-21
fraud,-1.3858132,36.8779747,"Nairobi, 74416, Kenya",2022-03-29
theft,-1.2436211449102825,36.89302191645634,"Kariandundu, Babadogo, Nairobi, 00618, Kenya",2022-11-20
vandalism,-1.30325275,36.826367685558694,"Nairobi, Kenya",2022-08-23
fraud,-1.2751683673830363,36.986760784537104,"Ruai, Nairobi, 00520, Kenya",2023-03-01
burglary,-1.405701533370307,36.891788949654,"Nairobi, 00519, Kenya",2022-03-23
assault,-1.405736305252359,36.864015912169144,"Nairobi, Kenya",2022-08-06
vandalism,-1.3617556705186504,36.69405043700809,"Nairobi, Kenya",2022-07-06
fraud,-1.3847018739508006,36.78730880325988,"Kingfisher Picnic Site Road, Nairobi, 24722, Kenya",2023-02-15
assault,-1.3125927376851179,36.77188319650304,"Nairobi, 00517, Kenya",2022-06-20
fraud,-1.30325275,36.826367685558694,"Nairobi, Kenya",2022-05-10
fraud,-1.2873104842692997,36.863546086829174,"Uhuru Estate, Maringo, Jericho, Nairobi, 00507, Kenya",2022-04-01
burglary,-1.3324903299409772,36.67965140984302,"Embulbul, Nairobi, Kenya",2022-12-05
theft,-1.3734831721890974,36.70475101652144,"Forest Line Road, Nairobi, Kajiado, Kenya",2022-05-09
burglary,-1.2019343717697206,36.895799644399425,"Nyathani Road, Zimmerman, Nairobi, 00608, Kenya",2023-01-14
burglary,-1.2810661442834992,36.7158457366529,"Kabiria, Waithaka, Nairobi, 00505, Kenya",2023-01-15
fraud,-1.3328938,36.7816659,"Langata, Nairobi, 00509, Kenya",2023-02-19
burglary,-1.226850710177414,36.780553012400745,"Nyari, Nairobi, 11403, Kenya",2022-04-18
burglary,-1.25643,36.737476322332164,"VetLab Sports Club, Loresho Ridge, Loresho, Nairobi, 11403, Kenya",2022-10-04
fraud,-1.3083827267292887,36.89903957726978,"Tassia II, Tassia, Nairobi, 00515, Kenya",2022-07-21
vandalism,-1.2637216,36.8236915,"Muthaiga, Nairobi, 00600, Kenya",2022-05-08
vandalism,-1.3328938,36.7816659,"Langata, Nairobi, 00509, Kenya",2022-04-22
assault,-1.4107528490027554,36.9044725031357,"Nairobi, 00519, Kenya",2022-06-22
assault,-1.391516,36.9049437,"Nairobi, 00519, Kenya",2023-02-21
burglary,-1.3231769,36.8795604,"Imara Daima, Nairobi, 00515, Kenya",2023-02-09
fraud,-1.4101215208719524,36.94658892333734,"Nairobi-Namanga-Athi River Road, Athi River, Machakos, East Kenya, 00519, Kenya",2022-05-26
burglary,-1.3453408,36.6855423,"Forest Line Road, Embulbul, Nairobi, Kenya",2022-08-06
fraud,-1.26336975,36.722193424164914,"Kabete Vet-Labs Primary School, Kapenguria Road, Nairobi, 00505, Kenya",2022-07-01
vandalism,-1.3030016500000001,36.86096224551171,"Masterknit, Lokitaung Road, Mbotela, Bahati, Nairobi, 00507, Kenya",2022-12-07
burglary,-1.2514197,36.7764849,"Kitisuru, Nairobi, 11403, Kenya",2022-10-19
fraud,-1.3105524499999999,36.744888040543316,"Horse Racecourse, Cemetery Road, Lenana, Nairobi, 00505, Kenya",2022-06-14
vandalism,-1.3560129083525634,36.723110009367076,"Masai Lane, Nairobi, 24722, Kenya",2022-12-06
assault,-1.3209365945142528,36.71139468634583,"Ngong Road, Karen, Nairobi, 00505, Kenya",2022-08-08
theft,-1.2917690935702175,36.96891830465126,"Nairobi, 00520, Kenya",2022-06-19
theft,-1.328747518312895,36.850977619390115,"South C, Nairobi, 00507, Kenya",2022-10-26
theft,-1.315288255810089,36.8316787589401,"Nairobi Expressway, South C, South B, Nairobi, 00200, Kenya",2022-07-16
vandalism,-1.2706256,36.72431052787725,"International Livestock Research Institute, Naivasha Road, Kabiria, Waithaka, Nairobi, 00505, Kenya",2022-08-21
theft,-1.3643698,36.7632493,"Nairobi, 24722, Kenya",2022-10-10
vandalism,-1.380868032165643,36.837439399931995,"Nairobi, 00519, Kenya",2022-09-04
vandalism,-1.3189821579405359,36.72454438456498,"Nairobi, 00505, Kenya",2022-08-27
fraud,-1.3115697513241422,36.68557854849991,"Nairobi, Kenya",2023-02-06
fraud,-1.3508458,36.8834464,"Muthama Road, Nairobi, 00603, Kenya",2023-03-11
theft,-1.2603863561389805,36.8447237700192,"Mlango, Nairobi, 00100, Kenya",2022-07-21
fraud,-1.37456595,36.83970163880481,"Nairobi National Park, Nairobi, Kenya",2023-01-05
assault,-1.2464067555058895,36.911045221533385,"Nairobi, 55145, Kenya",2022-05-11
theft,-1.3145944,36.8811835,"Mukuru Catholic Church, Catherine Ndereba Road, Embakasi, Pipeline, woodcraft village, Nairobi, 00515, Kenya",2022-11-26
theft,-1.3199152,36.8690335,"Roll mill ltd-ruben, Gatoto Road, Kisii village, Imara Daima, woodcraft village, Nairobi, 00507, Kenya",2022-03-29
assault,-1.2826321312509792,36.785469932249875,"Kilimani, Nairobi, 54102, Kenya",2022-06-24
burglary,-1.3188367,36.8278221,"South C, Nairobi, 00200, Kenya",2022-07-21
assault,-1.3545237218722108,36.89952861981986,"Old Mombasa Road, Mombasa Road Industrial Area, Nairobi, 00603, Kenya",2022-12-08
assault,-1.2094599947424505,36.807954805272516,"Runda Grove, Nairobi, Kiambu, Central Kenya, 00621, Kenya",2022-08-01
fraud,-1.33673575,36.77126870527889,"New Conference Hall, Langata Road, Langata, Nairobi, 00509, Kenya",2022-11-12
fraud,-1.2958689172749787,36.87296847379721,"Makadara Road, Hamza, Makadara, Jericho, Nairobi, 00507, Kenya",2022-10-05
theft,-1.1737201729524673,36.91192048488469,"Kahawa West, Nairobi, 00608, Kenya",2022-08-17
fraud,-1.2773248322304,36.8062274447391,"Aboretum Drive, Chiromo, Nairobi, 46464, Kenya",2022-04-15
theft,-1.233258,36.8791517,"The Graceful, Garden City Mall,, Thika Road, Roysambu, Ruaraka, Nairobi, 00618, Kenya",2023-02-10
burglary,-1.4105665648637293,36.905343877492875,"Nairobi, 00519, Kenya",2023-01-04
burglary,-1.3169486,36.92885691400423,"Jomo Kenyatta International Airport, Tower Road, Nairobi, 00603, Kenya",2023-01-09
theft,-1.3269994,36.7175872,"Ocean Seafood Distributors, Karen Road, Karen, Nairobi, 00505, Kenya",2022-12-02
vandalism,-1.4272207157520982,36.937875269243825,"Nairobi, 00519, Kenya",2022-08-07
theft,-1.2352114502181917,36.769377616474735,"Ngecha Road, Kitisuru, Nairobi, 11403, Kenya",2022-06-30
fraud,-1.2250918709053642,36.85294125059352,"Ridgeways Brook, Garden Estate, Ruaraka, Nairobi, 00620, Kenya",2022-10-05
fraud,-1.2305532001336768,36.939546423546126,"Nairobi, Kiambu, Central Kenya, 00608, Kenya",2022-11-19
fraud,-1.3895677,36.8052813,"Nairobi, 24722, Kenya",2023-01-02
assault,-1.279412,36.9697613,"Bridge Court, Nairobi, 00520, Kenya",2023-02-16
fraud,-1.3233958000000001,36.80520614622028,"Desert Locust Control Of East Africa, Langata Road, Siwaka Estate, Nairobi, 00202, Kenya",2022-08-30
fraud,-1.2834182493914625,36.94171453636968,"Nairobi, 55145, Kenya",2023-01-21
burglary,-1.30325275,36.826367685558694,"Nairobi, Kenya",2023-01-17
theft,-1.2059615809838546,36.889265828006394,"Zimmerman, Nairobi, 00618, Kenya",2022-08-19
burglary,-1.3170522131336215,36.706915856946544,"Karen, Nairobi, 00505, Kenya",2022-09-05
assault,-1.4092508,36.9103134,"Nairobi, 00519, Kenya",2022-07-17
vandalism,-1.2650697,36.9256684,"Kayole, Nairobi, 55145, Kenya",2022-04-24
fraud,-1.2639899,36.8719796,"Moi Forces Academy, Juja Road, Kariobangi South, Babadogo, Nairobi, 00611, Kenya",2023-02-27
fraud,-1.1778343,36.92593027875681,"School of Economics, Referal Hospital Road, Kahawa West, Nairobi, 00608, Kenya",2023-01-10
theft,-1.2061042010165184,36.88767434112821,"Zimmerman, Nairobi, 00618, Kenya",2022-09-09
fraud,-1.3328938,36.7816659,"Langata, Nairobi, 00509, Kenya",2022-09-03
vandalism,-1.2101173,36.851374822192,"Windsor Hotel & Golf Resort, Kigwa Road, Mika, Nairobi, 00620, Kenya",2022-06-06
theft,-1.2662854082771535,36.926826026151645,"Kayole, Nairobi, 55145, Kenya",2023-02-10
assault,-1.3328938,36.7816659,"Langata, Nairobi, 00509, Kenya",2022-12-20
theft,-1.2324523262643217,36.85141464585033,"Garden Estate, Ruaraka, Nairobi, 00620, Kenya",2022-08-24
burglary,-1.2765776,36.9383794,"Nairobi, 55145, Kenya",2022-12-14
fraud,-1.3563444589986886,36.72307838060394,"Masai Lane, Nairobi, 24722, Kenya",2022-04-13
assault,-1.2838955,36.7697972,"Mageta Road, Kilimani, Nairobi, 54102, Kenya",2022-10-21
theft,-1.2626726880740098,36.8289631119253,"City Park Road, Pangani, Nairobi, 00100, Kenya",2022-12-21
vandalism,-1.3901485015975348,36.93691071685493,"Mombasa Road, Nairobi, Machakos, East Kenya, 00603, Kenya",2023-01-16
vandalism,-1.2592519,36.765108385727046,"Nairobi School, Waiyaki Way, Kangemi, Nairobi, 00100, Kenya",2022-12-10
fraud,-1.3136684,36.9092506,"Dhahabu Avenue, Embakasi village, NSSF Nyayo Embakasi, Nairobi, 00515, Kenya",2022-08-26
theft,-1.2937732,36.886453,"Shell, Outer Ring Road, Buru Buru Phase 5, Donholm, Nairobi, 00515, Kenya",2022-08-05
theft,-1.21481865,36.8921412935526,"Quickmart Shopping Centre, Kamiti Road, Roysambu, Ruaraka, Nairobi, 00618, Kenya",2022-11-15
assault,-1.2768359083078933,36.6893078209461,"Muhuri Road, Kagondo, Nairobi, 00109, Kenya",2022-12-21
vandalism,-1.3314813,36.86514660145487,"Laboratory & Allied, Mombasa Road, Diamond Park Estate, South B, Nairobi, 00507, Kenya",2023-03-09
theft,-1.2866364146254032,36.850881401084905,"Mwende Street, Makongeni, Bahati, Nairobi, 00101, Kenya",2022-05-02
theft,-1.3206971704161337,36.69288065527494,"Westwood Park Road, Karen, Nairobi, Kenya",2022-11-20
assault,-1.311923235571977,36.66021103179663,"Nairobi, 00109, Kenya",2022-08-26
burglary,-1.27754742207076,36.784260594980516,"Kilimani, Nairobi, 54102, Kenya",2022-03-20
vandalism,-1.3055117726140364,36.69133324462385,"Mutuini, Nairobi, 00505, Kenya",2022-07-02
assault,-1.277325485360267,36.99013297009111,"Ruai, Nairobi, 00520, Kenya",2022-10-21
assault,-1.2415970794591735,36.73211713448078,"Nairobi, 11403, Kenya",2023-02-27
vandalism,-1.2566335,36.7792211,"Nairobi, 97104, Kenya",2023-03-17
theft,-1.2150678,36.8177596435346,"Potterhouse school, Runda Close, Githogoro, Nairobi, 00621, Kenya",2022-11-11
theft,-1.3133995693427316,36.95592454354974,"Nairobi, 00603, Kenya",2022-10-09
fraud,-1.3338263000000001,36.89574266220954,"Amiran Kenya Ltd, Mombasa Road, Nairobi, 00603, Kenya",2022-07-20
burglary,-1.3323584512203976,36.856502522195974,"South C, Nairobi, 00507, Kenya",2022-06-06
vandalism,-1.2679831728264628,36.94078602270887,"Nairobi, 55145, Kenya",2022-04-29
burglary,-1.2879903864796722,36.85048333729241,"Makongeni, Bahati, Nairobi, 00101, Kenya",2022-12-25
vandalism,-1.2117173024597585,36.87636475210329,"Mukuyu Court, Marurui, Nairobi, 00618, Kenya",2023-01-12
fraud,-1.3295214,36.8856874,"20-A, Mombasa Road, Doshi Group of Companies, Imara Daima, Nairobi, 00515, Kenya",2022-10-08
theft,-1.3228391,36.7607354,"Southern Bypass, Langata, Lenana, Nairobi, 00517, Kenya",2022-11-21
burglary,-1.30325275,36.826367685558694,"Nairobi, Kenya",2022-05-11
vandalism,-1.3424005,36.7415187,"Nairobi, 24722, Kenya",2022-04-05
burglary,-1.3231393509711022,36.88918964577668,"Embakasi, Pipeline, Nairobi, 00515, Kenya",2022-05-06
assault,-1.2751471632757871,36.82556270447026,"Ngara, Nairobi, 00600, Kenya",2022-04-21
vandalism,-1.301004233257906,36.75862545168921,"Ngong Road Estate, Nairobi, 54102, Kenya",2022-04-24
vandalism,-1.3332924727925144,36.716205592959575,"Karen, Nairobi, 00505, Kenya",2022-09-09
assault,-1.3576642,36.7357008,"Nairobi, 24722, Kenya",2022-06-07
assault,-1.3328938,36.7816659,"Langata, Nairobi, 00509, Kenya",2022-08-06
assault,-1.327562459311801,36.66206883281359,"South 14 Drive, Embulbul, Nairobi, Kenya",2022-04-05
fraud,-1.2986457,36.82863951501115,"CMC Holdings Limited, Bunyala Road, Nairobi West, Nairobi, 00200, Kenya",2022-12-20
fraud,-1.2831426954674037,36.69748551928156,"Nairobi, 00505, Kenya",2022-08-09
fraud,-1.30325275,36.826367685558694,"Nairobi, Kenya",2022-10-10
assault,-1.3398834075017312,36.86964768771185,"South C, Nairobi, 00507, Kenya",2022-06-20
burglary,-1.3152505402136516,36.752238597396875,"Homeward Bound, Lenana, Nairobi, 00505, Kenya",2022-08-24
burglary,-1.2768965183871417,36.784717423439425,"Kilimani, Nairobi, 54102, Kenya",2023-02-28
theft,-1.2558219,36.835412669453845,"Owl House, Tchui Road, Muthaiga, Nairobi, 00100, Kenya",2023-03-19
assault,-1.2562125795359194,36.75766753069723,"Turkwell Road, Kangemi, Nairobi, 11403, Kenya",2022-07-25
fraud,-1.2781076927488715,36.97822765573999,"Ruai, Nairobi, 00520, Kenya",2022-05-31
vandalism,-1.3188367,36.8278221,"South C, Nairobi, 00200, Kenya",2022-08-07
assault,-1.2129356298932747,36.79245856919832,"Limuru Road, Rosslyn, Nairobi, 00621, Kenya",2022-08-20
assault,-1.4097415862011298,36.90138147638182,"Nairobi, 00519, Kenya",2022-12-12
theft,-1.3084473408951318,36.81226832074235,"Madaraka Estate, Siwaka Estate, Nairobi, 00202, Kenya",2022-08-15
theft,-1.2968152000000002,36.8357339,"DT Dobie Company, Enterprise Road, Nairobi West, Nairobi, 00200, Kenya",2023-01-17
vandalism,-1.2615076,36.9847587,"Ruai, Nairobi, 00520, Kenya",2022-10-15
fraud,-1.2779559,36.7602348,"Kawangware, Nairobi, 54102, Kenya",2022-11-25
fraud,-1.2782322358553604,36.83571534928595,"Kinyanjui Street, Kariokor, Nairobi, 00100, Kenya",2022-04-27
vandalism,-1.3201804,36.8031679,"Siwaka Estate, Nairobi, 00202, Kenya",2023-02-18
burglary,-1.4013064145611671,36.78533787948232,"Nairobi, Kajiado, 00511, Kenya",2022-10-11
assault,-1.2445967166384369,36.935313040985164,"Koma Rock, Nairobi, 55145, Kenya",2022-11-27
burglary,-1.2069863,36.85389543079505,"Windsor Golf & Country Club, Kigwa Road, Mika, Nairobi, 00620, Kenya",2022-07-25
fraud,-1.2277761953525141,36.990357602156465,"Eastern Bypass, Nairobi, Kiambu, Central Kenya, 00520, Kenya",2022-08-04
vandalism,-1.2428717,36.7492542,"Nairobi, 11403, Kenya",2022-08-09
fraud,-1.2846959,36.8463729,"Eastleigh, Bahati, Nairobi, 00101, Kenya",2022-08-26
vandalism,-1.2931169,36.8480444,"Maziwa Market, Jogoo Road, Makongeni, Bahati, Nairobi, 00101, Kenya",2022-04-07
theft,-1.3827488,36.7846583,"Kingfisher Picnic Site Road, Nairobi, 24722, Kenya",2022-08-17
fraud,-1.2385107071642003,36.92382992421354,"Kasarani, Kasarani Mwiki, Nairobi, 00608, Kenya",2022-09-15
burglary,-1.2973273522284303,36.92742368350791,"Nairobi, 55145, Kenya",2022-07-14
burglary,-1.30325275,36.826367685558694,"Nairobi, Kenya",2022-10-30
fraud,-1.24460566498877,36.72744098500953,"Nairobi, 11403, Kenya",2022-05-18
burglary,-1.30325275,36.826367685558694,"Nairobi, Kenya",2022-06-11
assault,-1.30325275,36.826367685558694,"Nairobi, Kenya",2022-04-05
theft,-1.2937501,36.837295,"Commercial Street, Nairobi, 00101, Kenya",2022-07-31
assault,-1.380992151129445,36.88432167994914,"Nairobi, 74416, Kenya",2022-10-24
assault,-1.30325275,36.826367685558694,"Nairobi, Kenya",2022-09-20
theft,-1.3986585,36.8790731,"Nairobi, 74416, Kenya",2022-10-14
assault,-1.2138445,36.8644463,"Marurui, Nairobi, 00618, Kenya",2022-12-21
theft,-1.250153664675225,36.98592632595447,"Nairobi, 00520, Kenya",2023-01-10
fraud,-1.3560956499999999,36.90842446388766,"Mitchell Cotts Freight - Logistics Centre, Mombasa Road, Nairobi, East Kenya, 00603, Kenya",2023-01-29
theft,-1.1753568,36.9045313,"Kahawa West, Nairobi, 00608, Kenya",2022-10-30
vandalism,-1.230444283249861,36.84304057522194,"Ridgeways Springs, Ridgeways, Nairobi, 00620, Kenya",2023-01-23
assault,-1.2436432,36.79896593239515,"Off- Leash Area, Mukeu Trail, New Muthaiga, Nairobi, 00800, Kenya",2023-01-30
vandalism,-1.3188367,36.8278221,"South C, Nairobi, 00200, Kenya",2022-08-08
burglary,-1.3259004,36.712020684863916,"Don Bosco Boys Town, Langata Road, Karen, Nairobi, 00505, Kenya",2023-01-27
assault,-1.30325275,36.826367685558694,"Nairobi, Kenya",2022-12-09
theft,-1.240023297436376,36.932721499142346,"Mwiki, Kasarani Mwiki, Nairobi, 55145, Kenya",2022-07-14
vandalism,-1.245574,36.804879,"Mukeu Trail, New Muthaiga, Nairobi, 00800, Kenya",2022-03-31
vandalism,-1.30325275,36.826367685558694,"Nairobi, Kenya",2022-04-22
fraud,-1.2414573370493507,36.755937922136084,"Lower Kabete Road, Nairobi, 00604, Kenya",2022-07-30
assault,-1.39000649231954,36.806299612158355,"Nairobi, 24722, Kenya",2022-08-22
theft,-1.2284859846176905,36.81427909652926,"Whispers Avenue, Whispers, Nairobi, 00621, Kenya",2023-01-13
theft,-1.2472655,36.8505102,"Ruaraka, Nairobi, 00620, Kenya",2022-12-17
fraud,-1.3833998,36.812752,"Masai Lodge, Masai Lodge Road, Nairobi, 00511, Kenya",2023-02-28
assault,-1.3041319789152688,36.94156544541685,"Road to Utawala Academy, Nairobi, 00515, Kenya",2022-12-15
vandalism,-1.3574547663522025,36.762415154515644,"Magadi Road, Nairobi, 24722, Kenya",2022-07-19
vandalism,-1.2113655063403488,36.910710909060654,"Nairobi, Kiambu, Central Kenya, 00608, Kenya",2022-10-21
burglary,-1.3777814943389661,36.72998914265459,"Nairobi, 00511, Kenya",2022-07-23
fraud,-1.30325275,36.826367685558694,"Nairobi, Kenya",2023-02-02
theft,-1.1847877,36.927893551754636,"KU Mosque, Post Office Walk, Nairobi, 00608, Kenya",2023-03-08
burglary,-1.2743036,36.7472932,"Kawangware, Nairobi, 00505, Kenya",2022-10-24
theft,-1.2421661,36.9853296,"Nairobi, 00520, Kenya",2023-02-15
theft,-1.3337494,36.9292996,"Nairobi, 00603, Kenya",2022-05-04
assault,-1.263337,36.7294979,"N (Posta), Nairobi-Nakuru Road, Mountainview, Nairobi, 00505, Kenya",2022-07-27
vandalism,-1.393983018533793,36.83851123767679,"Nairobi, Kenya",2023-03-07
fraud,-1.3035052,36.897243,"Kwa Ndege, Donholm, Lower Savannah, Nairobi, 00515, Kenya",2023-01-28
burglary,-1.2844085093080775,36.76690820626801,"Jacaranda Avenue, Kawangware, Nairobi, 54102, Kenya",2022-05-27
theft,-1.2359846290509406,36.880692931900555,"East Africa Breweries Limited, Ngumba, Ruaraka, Nairobi, 00618, Kenya",2023-01-30
assault,-1.2696547026817149,36.71712512638776,"Nairobi, 00505, Kenya",2022-06-09
assault,-1.28185875,36.82412935,"Marble Arch Hotel, Lagos Road, Ngara, Nairobi, 00200, Kenya",2022-05-18
vandalism,-1.3988637,36.8792488,"Nairobi, 74416, Kenya",2022-09-02
fraud,-1.2822369704648078,36.700479155679865,"Kikuyu Road, Kabiria, Waithaka, Nairobi, 00505, Kenya",2023-02-17
fraud,-1.2397383,36.766953612568,"Nairobi, 11403, Kenya",2022-11-03
theft,-1.3045453,36.668281,"Karinde, Nairobi, 00109, Kenya",2022-11-14
vandalism,-1.3973399,36.9145318,"Nairobi, 00519, Kenya",2022-08-29
fraud,-1.352923689360134,36.7174083452256,"Nairobi, 24722, Kenya",2022-10-22
vandalism,-1.388034557576471,36.82304300668557,"Lihanda Drive, Nairobi, Kenya",2022-04-21
fraud,-1.2592519,36.765108385727046,"Nairobi School, Waiyaki Way, Kangemi, Nairobi, 00100, Kenya",2022-10-25
burglary,-1.29891225,36.79962922306582,"Bayswater Apartments, Ngong Road, Hurlingham, Nairobi, 30728, Kenya",2022-11-12
burglary,-1.382034557387389,36.887122806480484,"Nairobi, 74416, Kenya",2022-12-12
burglary,-1.3486011,36.8225766,"6, Southern Bypass, Diamond Park Estate, South C, Nairobi, 00517, Kenya",2022-11-21
fraud,-1.29396385,36.81117468575721,"I&M Bank, Ngong Road, Upper Hill, Nairobi, 00202, Kenya",2022-11-23
fraud,-1.2635524087234349,36.98982830393913,"Ruai, Nairobi, 00520, Kenya",2022-07-05
vandalism,-1.3078523953713836,36.85018578761232,"Kitui Road, Mukuru Kayaba Village, Makongeni, Bahati, Nairobi, 00507, Kenya",2022-06-17
fraud,-1.25643,36.737476322332164,"VetLab Sports Club, Loresho Ridge, Loresho, Nairobi, 11403, Kenya",2022-11-14
burglary,-1.4245316174445675,36.93281288992609,"Nairobi, 00519, Kenya",2022-09-10
vandalism,-1.3238990384664728,36.84742952102926,"Southern Bypass, Diamond Park Estate, South B, Nairobi, 00507, Kenya",2023-02-20
fraud,-1.30325275,36.826367685558694,"Nairobi, Kenya",2022-10-13
burglary,-1.2578421422122905,36.82411319942377,"Mtama Road, Muthaiga, Nairobi, 00606, Kenya",2022-11-21
vandalism,-1.3755733572746602,36.721688472676206,"Nairobi, 00511, Kenya",2022-11-13
assault,-1.3062752693107087,36.77783996786832,"Woodley Toi Area, Nairobi, 00400, Kenya",2022-11-22
burglary,-1.3174812,36.8610989,"Vagas Company Ltd, Enterprise Road, Imara Daima, woodcraft village, Nairobi, 00507, Kenya",2022-03-29
vandalism,-1.3759395048971719,36.82873772634653,"Nairobi, 00519, Kenya",2022-06-23
theft,-1.262412565790194,36.75496960675547,"Kangemi, Nairobi, 54102, Kenya",2022-05-05
burglary,-1.2928755944515786,36.73562872506782,"Riruta, Lenana, Nairobi, 00505, Kenya",2022-11-10
theft,-1.3812213,36.7427257,"Nairobi, 00511, Kenya",2022-04-27
theft,-1.298505424624354,36.715026029379786,"Kabiria, Lenana, Nairobi, 00505, Kenya",2022-08-24
assault,-1.2329887665650305,36.980299294411324,"Nairobi, 00520, Kenya",2022-08-02
burglary,-1.3231769,36.8795604,"Imara Daima, Nairobi, 00515, Kenya",2022-06-19
burglary,-1.2819869784376274,36.78514454109444,"Kilimani, Nairobi, 54102, Kenya",2022-04-05
fraud,-1.34977805,36.75631853522462,"Catholic University of East Africa, Comboni Road, Nairobi, 24722, Kenya",2023-01-02
burglary,-1.3325166623731237,36.7815217947338,"Kungu Karumba Road, Langata, Nairobi, 00509, Kenya",2023-02-04
assault,-1.2283344863231387,36.9842587406506,"Nairobi, Kiambu, Central Kenya, 00520, Kenya",2022-05-27
fraud,-1.28590505,36.795074034928575,"Grand Landings, Dennis Pritt Road, Kilimani, Nairobi, 30728, Kenya",2022-04-10
assault,-1.2581148584395359,36.93080226904799,"Kayole, Nairobi, 55145, Kenya",2022-05-22
burglary,-1.3118219526058377,36.878334420217456,"Wesnya village, Donholm, woodcraft village, Nairobi, 00515, Kenya",2022-03-29
assault,-1.2808571097411874,36.993837628026185,"Ruai, Nairobi, 00520, Kenya",2022-05-05
theft,-1.3912562,36.9088221,"Nairobi, 00519, Kenya",2022-08-21
burglary,-1.233792524687035,36.9522645292374,"Nairobi, 00608, Kenya",2022-10-07
vandalism,-1.342473858907972,36.721206255214845,"Nairobi, 24722, Kenya",2022-09-28
fraud,-1.2971559531311079,36.698243352999576,"Mutuini, Nairobi, 00505, Kenya",2022-06-06
assault,-1.3015694,36.9168246,"NSSF Nyayo Embakasi, Nairobi, 55145, Kenya",2022-11-28
burglary,-1.2670155,36.9416376,"Nairobi, 55145, Kenya",2022-08-10
burglary,-1.3438472,36.7070684,"Nairobi, Kenya",2022-07-01
vandalism,-1.3349791,36.92573546827831,"JKIA Law Courts, Tower Road, Nairobi, 00603, Kenya",2022-07-21
vandalism,-1.25643,36.737476322332164,"VetLab Sports Club, Loresho Ridge, Loresho, Nairobi, 11403, Kenya",2022-06-12
vandalism,-1.3363817,36.89146545,"Rapid Kate Complex, Mombasa Road, Imara Daima, Nairobi, 00603, Kenya",2022-09-29
assault,-1.3069442,36.832595855041426,"St Cathrines Mukuru Primary School, Kabras Road, South B, Nairobi, 00200, Kenya",2022-09-24
fraud,-1.1991926467881608,36.78743862831361,"Nairobi, 00621, Kenya",2022-11-22
vandalism,-1.2584982444342063,36.96432684499162,"New Njiru, Nairobi, 00520, Kenya",2022-06-10
assault,-1.2402743,36.7638014,"Kabete Junior Academy, Farasi Lane, Nairobi, 11403, Kenya",2022-10-29
burglary,-1.3430257706399722,36.91380556168706,"C59, Nairobi, 00603, Kenya",2022-09-06
assault,-1.324736329840081,36.70039236537401,"Ngong Road, Karen, Embulbul, Nairobi, 00505, Kenya",2022-04-20
fraud,-1.3128915971196362,36.66150564880905,"Nairobi, Kenya",2022-09-11
assault,-1.3448546,36.7610434,"Nairobi, 00509, Kenya",2022-12-28
vandalism,-1.2304671259923095,36.978095201258434,"Nairobi, 00520, Kenya",2022-12-24
assault,-1.3903992126845295,36.91031262529227,"Nairobi, 00519, Kenya",2022-10-18
theft,-1.3888315342127966,36.823196516297216,"Lihanda Drive, Nairobi, Kenya",2022-12-03
fraud,-1.4074301597990426,36.84983356886037,"Nairobi, Kajiado, Kenya",2022-08-26
vandalism,-1.3984610567556652,36.878875281968256,"Nairobi, 74416, Kenya",2022-05-08
burglary,-1.3187794,36.7798032,"Tumaini Hope Center Secondary, Southern Bypass, Langata, Nairobi, 00517, Kenya",2023-02-11
fraud,-1.246024439830131,36.77905355147512,"Westlands Red Hill Road, Kitisuru, Nairobi, 11403, Kenya",2022-05-14
theft,-1.366521,36.7422926,"ACK - St. Mathews Church Karen, Tembo Road, Hardy, Nairobi, 24722, Kenya",2022-10-08
fraud,-1.23573115,36.81361627828288,"UN Recreation Center, ICRAF Road, Gigiri, Nairobi, 00800, Kenya",2023-03-03
assault,-1.246080561080502,36.851758892933766,"Ruaraka, Nairobi, 00620, Kenya",2022-04-12
burglary,-1.3883175849280944,36.74429992959383,"Nairobi, Kajiado, 00511, Kenya",2022-11-27
assault,-1.3329135,36.822844182827,"Southern Bypass, Diamond Park Estate, South C, Nairobi, 00517, Kenya",2022-05-14
theft,-1.3028098418648308,36.898913924144665,"Kwa Ndege, Donholm, Lower Savannah, Nairobi, 00515, Kenya",2022-11-28
assault,-1.2658063171073153,36.88833170821366,"Kariobangi South, Babadogo, Nairobi, 00611, Kenya",2022-12-11
fraud,-1.251749423773982,36.91670261453822,"Nairobi, 55145, Kenya",2022-12-10
theft,-1.288518206043021,36.77302098091665,"Othaya Road, Kilimani, Nairobi, 54102, Kenya",2022-07-15
theft,-1.3281908852055828,36.772474478892065,"Forest Lane, Langata, Nairobi, 00517, Kenya",2023-01-19
assault,-1.3141724,36.8376708,"South B, Nairobi, 00200, Kenya",2022-08-29
assault,-1.2517985481815939,36.836894689802726,"Orpheus Close, Muthaiga, Nairobi, 00620, Kenya",2022-06-16
assault,-1.3191797722219734,36.98251933265501,"Nairobi, Machakos, East Kenya, 00520, Kenya",2022-09-15
burglary,-1.3903804685933312,36.89151768009785,"Nairobi, 74416, Kenya",2022-09-27
assault,-1.2581019535541207,36.71792183949485,"Nairobi, 00505, Kenya",2022-07-15
assault,-1.3192927,36.71412294042253,"St. Christopher's Preparatory School, Ngong Road, Karen, Nairobi, 00505, Kenya",2022-11-22
fraud,-1.302437717937392,36.67456362061163,"Nairobi, Kiambu, Central Kenya, 00109, Kenya",2022-06-13
burglary,-1.3570868,36.7298537,"Nairobi, 24722, Kenya",2022-05-08
vandalism,-1.2652659,36.72634127694984,"Kabete Technical Training Institute, Thiongo Road, Mountainview, Nairobi, 00505, Kenya",2022-04-07
burglary,-1.22918491970267,36.832096033720816,"Tara Path, New Runda, Nairobi, 00800, Kenya",2023-02-26
fraud,-1.2837544025127754,36.74855250916746,"Kawangware, Nairobi, 00505, Kenya",2022-09-03
vandalism,-1.3875976723292998,36.89095055362293,"Nairobi, 74416, Kenya",2022-05-04
burglary,-1.3338263000000001,36.89574266220954,"Amiran Kenya Ltd, Mombasa Road, Nairobi, 00603, Kenya",2022-10-27
burglary,-1.2273087779341496,36.779925509449775,"Nyari, Nairobi, 11403, Kenya",2022-09-20
vandalism,-1.3359427002524218,36.668599138651025,"Embulbul, Nairobi, Kenya",2022-10-20
fraud,-1.3372144811662479,36.66564094054003,"Embulbul, Nairobi, Kenya",2022-10-20
vandalism,-1.2850469527507324,36.74526522277231,"Kawangware, Nairobi, 00505, Kenya",2022-10-13
burglary,-1.2756894361515434,36.78664183499223,"Mandera Road, Kileleshwa, Nairobi, 97104, Kenya",2023-02-23
vandalism,-1.3743114592901235,36.76945484258401,"Magadi Road, Nairobi, 24722, Kenya",2022-11-27
theft,-1.2839934,36.8816272,"Buru Buru Phase 2, Buruburu, Jericho, Nairobi, 00515, Kenya",2022-04-14
assault,-1.30325275,36.826367685558694,"Nairobi, Kenya",2022-11-25
vandalism,-1.3579259,36.7941573,"Impala_observation_point, Kingfisher Picnic Site Road, Nairobi, 24722, Kenya",2022-11-17
fraud,-1.3348854567507582,36.717641588526476,"Langata Road, Karen, Nairobi, 00505, Kenya",2022-06-26
fraud,-1.381210079247396,36.878302960645556,"Nairobi, 74416, Kenya",2022-06-01
vandalism,-1.3261534,36.9119328,"Shreeji Road, Embakasi village, Nairobi, 00515, Kenya",2022-05-27
assault,-1.43627035,36.96572095460024,"Athi River Shalom Community Hospital, 505, Nairobi-Namanga-Athi River Road, Athi River, Machakos, East Kenya, Kenya",2023-02-27
assault,-1.3055061000000001,36.85731754569129,"Agro Manufacturing Co. Ltd, Lokitaung Road, Mbotela, Bahati, Nairobi, 00507, Kenya",2023-03-07
assault,-1.3555119579564041,36.746533044006966,"Langata South Road, Nairobi, 24722, Kenya",2022-09-28
vandalism,-1.2909117,36.7881983,"Surina International Montessori School, Tigoni Road, Kilimani, Nairobi, 44847, Kenya",2023-02-20
vandalism,-1.3605302016091227,36.71625439268942,"Quarry Lane, Nairobi, 24722, Kenya",2022-08-31
fraud,-1.3016026,36.6742111,"Nairobi, Kiambu, Central Kenya, 00109, Kenya",2022-12-29
theft,-1.2668593791985554,36.87903234894699,"Kariobangi South, Babadogo, Nairobi, 00611, Kenya",2023-02-14
fraud,-1.27512565,36.781438738257705,"Kenya High School, Mandera Road, Lavington, Nairobi, 54102, Kenya",2022-08-25
fraud,-1.2200701,36.8375981,"Kigwa, Thindigua, New Runda, Nairobi, 00621, Kenya",2022-10-22
fraud,-1.2534268027004407,36.72594676291517,"Kapenguria Road, Nairobi, 00604, Kenya",2022-09-22
theft,-1.334376679490083,36.705712137290014,"Marula Manor Driveway, Karen, Nairobi, Kenya",2023-01-07
burglary,-1.1954482815297742,36.924352089159854,"Thika Road, Nairobi, 00608, Kenya",2022-12-28
fraud,-1.3364107927507443,36.86856275277429,"Maasai Road, Imara Daima, Nairobi, 00507, Kenya",2022-09-18
theft,-1.34060099868668,36.770402233006536,"Langata Road, Langata, Nairobi, 00509, Kenya",2023-01-30
assault,-1.3005333248766864,36.83779964164198,"Addis Ababa Road, Makongeni, Nairobi, 00101, Kenya",2022-08-18
assault,-1.3188367,36.8278221,"South C, Nairobi, 00200, Kenya",2022-07-28
burglary,-1.3155145974157492,36.71643684354459,"Miotoni W Road, Karen, Mutuini, Nairobi, 00505, Kenya",2022-07-06
theft,-1.2256438,36.8024477,"Whispers, Nairobi, 00621, Kenya",2022-11-06
burglary,-1.3035065164671296,36.70952421658294,"Mutuini, Nairobi, 00505, Kenya",2023-02-25
vandalism,-1.2793751745529476,36.76482803617393,"Isaac Gathanju Close, Lavington, Nairobi, 54102, Kenya",2022-07-05
theft,-1.24274992850156,36.72422739398847,"Nairobi, Kiambu, Central Kenya, 11403, Kenya",2022-12-24
burglary,-1.326671,36.7485689,"Nairobi, 00517, Kenya",2022-05-05
fraud,-1.2543846161267083,36.97802013990614,"Nairobi, 00520, Kenya",2023-03-13
assault,-1.40158995,36.79036340965256,"Africa Nazarene University, Ole Pasha Drive, Nairobi, 00511, Kenya",2023-02-14
vandalism,-1.226963193337697,36.81425450032319,"United Nations Avenue, Gigiri, Nairobi, 00621, Kenya",2022-10-27
assault,-1.3135286198780234,36.69185262729642,"Mutuini, Nairobi, 00505, Kenya",2022-12-15
burglary,-1.2623800347339074,36.995407634922714,"Ruai, Nairobi, 00520, Kenya",2022-10-04
vandalism,-1.2592519,36.765108385727046,"Nairobi School, Waiyaki Way, Kangemi, Nairobi, 00100, Kenya",2022-10-22
fraud,-1.2484478,36.8107517,"69, Mukeu Trail, New Muthaiga, Nairobi, 00800, Kenya",2022-11-09
theft,-1.2438885,36.8914565,"Amazing butchery/Beuty shop, Baba Dogo Road, Kariandundu, Babadogo, Nairobi, 00618, Kenya",2022-09-07
vandalism,-1.2938492585681443,36.87874444588636,"Buru Buru Phase 5, Makadara, Jericho, Nairobi, 00515, Kenya",2023-01-04
theft,-1.3295874320128784,36.87324901698391,"Nairobi Expressway, Villa Franca Estate, Imara Daima, Nairobi, 00515, Kenya",2023-01-02
vandalism,-1.2477186,36.7513919,"Loresho, Nairobi, 11403, Kenya",2022-03-20
theft,-1.3345068,36.92640419567741,"JKIA Police Station, Tower Road, Nairobi, 00603, Kenya",2022-12-01
assault,-1.30325275,36.826367685558694,"Nairobi, Kenya",2023-03-06
vandalism,-1.25643,36.737476322332164,"VetLab Sports Club, Loresho Ridge, Loresho, Nairobi, 11403, Kenya",2023-02-08
assault,-1.3261977036135748,36.82810798149466,"South C, Nairobi, 00200, Kenya",2022-05-27
vandalism,-1.2965065,36.82049434217632,"Rail Ways Golf Corse, Upper Hill Road, Upper Hill, Nairobi, 40476, Kenya",2022-06-24
vandalism,-1.379642249640764,36.72782692120977,"Nairobi, 00511, Kenya",2023-01-08
theft,-1.2452907098443078,36.73151837088404,"Nairobi, 11403, Kenya",2022-07-22
vandalism,-1.3974559,36.9148135,"Nairobi, 00519, Kenya",2023-03-03
burglary,-1.2546384,36.8868797,"BigPen Academy, Market road, Korogocho, Babadogo, Nairobi, 00611, Kenya",2022-07-06
theft,-1.3439777,36.8947747,"Muthama Road, Mombasa Road Industrial Area, Nairobi, 00603, Kenya",2023-01-01
theft,-1.2273697748039702,36.74735845121256,"Nairobi, 11403, Kenya",2023-02-24
fraud,-1.3222788203019258,36.85219936055319,"Diamond Park Estate, Nairobi, 00507, Kenya",2022-11-13
vandalism,-1.3035498,36.7870369,"The Foundry Joseph Kangethe Road, Joseph Kang'ethe, Hurlingham, Nairobi, 00400, Kenya",2022-05-03
assault,-1.26534235,36.79200086061583,"The Gables, East Church Road, Westlands, Nairobi, 97104, Kenya",2022-07-05
theft,-1.2200520107996116,36.86515907762294,"Garden Estate, Ruaraka, Nairobi, 00618, Kenya",2022-12-26
burglary,-1.25618455,36.801874124468654,"My School (Montessori), Peponi Road, Westlands, Nairobi, 97104, Kenya",2023-03-08
fraud,-1.27850165,36.81013542623782,"Hall 11, State House Road, Chiromo, Nairobi, 46464, Kenya",2022-06-02
burglary,-1.387714,36.7712825,"Bangladesh, Nairobi, 00511, Kenya",2022-10-11
assault,-1.2511356011544996,36.95716397544979,"New Njiru, Nairobi, 00520, Kenya",2022-08-13
vandalism,-1.253771,36.8631647,"St Sylvia Education Centre, Mathare Footpath, Ruaraka, Nairobi, 00620, Kenya",2022-06-09
vandalism,-1.30325275,36.826367685558694,"Nairobi, Kenya",2023-01-30
fraud,-1.3152330017578726,36.89856270907745,"Tausi Lane, Fedha, Pipeline, Nairobi, 00515, Kenya",2022-07-14
vandalism,-1.3609729210104655,36.75964316284802,"Nairobi, 24722, Kenya",2022-04-26
vandalism,-1.3668303690710646,36.72485836292093,"Nairobi, 24722, Kenya",2022-04-24
vandalism,-1.1997261,36.9172624,"Nairobi, 00608, Kenya",2022-07-11
burglary,-1.382908972727278,36.73716672087759,"Nairobi, 00511, Kenya",2023-01-08
fraud,-1.2224597941008475,36.820862366131074,"Mae Drive, Githogoro, Nairobi, 00621, Kenya",2022-12-02
assault,-1.2900695413744316,36.77223892417378,"Gitanga Road, Kilimani, Nairobi, 54102, Kenya",2022-09-13
vandalism,-1.3861930177710757,36.731478931658664,"Nairobi, 00511, Kenya",2022-12-27
burglary,-1.31206135,36.74412318361219,"Ngong Racecourse, Cemetery Road, Lenana, Nairobi, 00505, Kenya",2022-04-17
fraud,-1.3365148132811793,36.77563799539532,"Langata Road, Langata, Nairobi, 00509, Kenya",2023-03-18
vandalism,-1.3257239134582135,36.730609839488125,"Nairobi, 00505, Kenya",2022-05-08
assault,-1.3202126,36.8048349,"Siwaka Estate, Nairobi, 00202, Kenya",2022-10-21
theft,-1.3760627283981417,36.75827862260535,"Ndorobo Road, Nairobi, 24722, Kenya",2022-08-23
vandalism,-1.3729625833185553,36.76051236000152,"Mukoma Road, Nairobi, 24722, Kenya",2022-07-05
burglary,-1.2949522,36.7970213,"Tamasha Hurlingham, Argwings Kodhek Road, Hurlingham, Nairobi, 30728, Kenya",2022-04-21
theft,-1.3401856080127774,36.77092549351387,"Langata Road, Langata, Nairobi, 00509, Kenya",2023-03-16
fraud,-1.2650305,36.802628098699046,"Westlands Taxi Stand, Waiyaki Way, Westlands, Nairobi, 97104, Kenya",2023-02-06
fraud,-1.22363,36.8526345,"Garden Estate, Ruaraka, Nairobi, 00620, Kenya",2022-08-21
theft,-1.3357214,36.7876071,"Petit Motomoto, Kitengela Road, Uhuru Gardens Estate, Langata, Nairobi, 00517, Kenya",2022-12-12
assault,-1.3958633151773396,36.913960672657325,"Nairobi, 00519, Kenya",2022-05-24
vandalism,-1.2703484,36.7836756,"Dik Dik Gardens, Lavington, Nairobi, 97104, Kenya",2022-05-10
burglary,-1.2734727051572774,36.964286261392076,"Muhuyu Road, Nairobi, 00520, Kenya",2022-07-05
fraud,-1.3328938,36.7816659,"Langata, Nairobi, 00509, Kenya",2022-08-20
fraud,-1.2315652,36.8849471,"Ngumba, Ruaraka, Nairobi, 00618, Kenya",2022-06-10
theft,-1.30325275,36.826367685558694,"Nairobi, Kenya",2022-04-29
vandalism,-1.30325275,36.826367685558694,"Nairobi, Kenya",2023-03-14
burglary,-1.3939124,36.843392217292,"Nairobi, Kenya",2022-10-15
vandalism,-1.3574767,36.8570067,"7, Nairobi Park East Gate Road, Nairobi, 00507, Kenya",2022-08-10
burglary,-1.2497187253580566,36.98682323631135,"Nairobi, 00520, Kenya",2022-09-23
theft,-1.32849295,36.73548128370943,"Maison MITWABA, Plains, Hillcrest Dr, Nairobi, Hillcrest Court, Nairobi, 00505, Kenya",2022-11-10
burglary,-1.2734640065600684,36.969426299022494,"Nairobi, 00520, Kenya",2023-03-10
burglary,-1.2794148587733685,36.93993383624634,"Nairobi, 55145, Kenya",2022-12-17
vandalism,-1.2879733,36.7457533,"Kawangware Chiefs Office, Chiefs Road, Kawangware, Nairobi, 00505, Kenya",2022-04-20
